-- phpMyAdmin SQL Dump
-- version 5.2.1
-- https://www.phpmyadmin.net/
--
-- Хост: MySQL-8.0
-- Время создания: Ноя 15 2024 г., 14:50
-- Версия сервера: 8.0.35
-- Версия PHP: 8.1.28

SET SQL_MODE = "NO_AUTO_VALUE_ON_ZERO";
START TRANSACTION;
SET time_zone = "+00:00";


/*!40101 SET @OLD_CHARACTER_SET_CLIENT=@@CHARACTER_SET_CLIENT */;
/*!40101 SET @OLD_CHARACTER_SET_RESULTS=@@CHARACTER_SET_RESULTS */;
/*!40101 SET @OLD_COLLATION_CONNECTION=@@COLLATION_CONNECTION */;
/*!40101 SET NAMES utf8mb4 */;

--
-- База данных: `photo159`
--

-- --------------------------------------------------------

--
-- Структура таблицы `contacts`
--

CREATE TABLE `contacts` (
  `id` bigint UNSIGNED NOT NULL,
  `title` varchar(255) COLLATE utf8mb4_unicode_ci NOT NULL,
  `text` text COLLATE utf8mb4_unicode_ci NOT NULL,
  `map_iframe` text COLLATE utf8mb4_unicode_ci,
  `created_at` timestamp NULL DEFAULT NULL,
  `updated_at` timestamp NULL DEFAULT NULL
) ENGINE=InnoDB DEFAULT CHARSET=utf8mb4 COLLATE=utf8mb4_unicode_ci;

--
-- Дамп данных таблицы `contacts`
--

INSERT INTO `contacts` (`id`, `title`, `text`, `map_iframe`, `created_at`, `updated_at`) VALUES
(1, 'Контакты', '**617470 , Пермский край, г. Кунгур, фотосалон \"ФОТОДОК\"**\r\n\r\nул. Карла Маркса 27в, ТЦ \"Киттарский\" (1й этаж)\r\n\r\nул. Гоголя 24 \"Мечта\" (2й этаж)\r\n\r\n\r\n-----\r\n\r\n\r\n\r\n-----\r\n\r\n\r\n**Группа в Вконтакте**\r\n\r\n[Онлайн печать фото](https://vk.com/fotki159)\r\n\r\n[Фотосалон Фотодок](https://www.vk.com/fotodoc_kungur)\r\n\r\n\r\n-----\r\n\r\n\r\n\r\n**Телефон**\r\n\r\n8-908-27-99-000 (ТЦ \"Киттарский\")\r\n\r\n8-902-63-99-000 (\"Мечта\")\r\n\r\n\r\n-----\r\n\r\n\r\n**График работы**\r\n\r\nПн-Пт: 10.00-19.00\r\n\r\nСб-Вс: 10.30-18.00', '<iframe class=\"iframe\" src=\"https://api-maps.yandex.ru/frame/v1/-/C6U-Z6zg\" width=\"100%\" height=\"400\" frameborder=\"0\"></iframe>', '2024-11-12 05:59:58', '2024-11-13 00:44:38');

-- --------------------------------------------------------

--
-- Структура таблицы `failed_jobs`
--

CREATE TABLE `failed_jobs` (
  `id` bigint UNSIGNED NOT NULL,
  `uuid` varchar(255) CHARACTER SET utf8mb4 COLLATE utf8mb4_unicode_ci NOT NULL,
  `connection` text CHARACTER SET utf8mb4 COLLATE utf8mb4_unicode_ci NOT NULL,
  `queue` text CHARACTER SET utf8mb4 COLLATE utf8mb4_unicode_ci NOT NULL,
  `payload` longtext CHARACTER SET utf8mb4 COLLATE utf8mb4_unicode_ci NOT NULL,
  `exception` longtext CHARACTER SET utf8mb4 COLLATE utf8mb4_unicode_ci NOT NULL,
  `failed_at` timestamp NOT NULL DEFAULT CURRENT_TIMESTAMP
) ENGINE=InnoDB DEFAULT CHARSET=utf8mb4 COLLATE=utf8mb4_unicode_ci;

-- --------------------------------------------------------

--
-- Структура таблицы `faqs`
--

CREATE TABLE `faqs` (
  `id` bigint UNSIGNED NOT NULL,
  `question` varchar(255) COLLATE utf8mb4_unicode_ci NOT NULL,
  `answer` text COLLATE utf8mb4_unicode_ci NOT NULL,
  `created_at` timestamp NULL DEFAULT NULL,
  `updated_at` timestamp NULL DEFAULT NULL
) ENGINE=InnoDB DEFAULT CHARSET=utf8mb4 COLLATE=utf8mb4_unicode_ci;

--
-- Дамп данных таблицы `faqs`
--

INSERT INTO `faqs` (`id`, `question`, `answer`, `created_at`, `updated_at`) VALUES
(1, 'Я оформил заказ. Через какое время он будет готов?', 'Обычно заказ печатается в течение 1-3 дней. Это зависит от количества фотографий и загруженности нашего оборудования. О готовности заказа Вас обязательно известят.', '2024-11-08 05:24:25', '2024-11-08 05:24:25'),
(2, 'Как оплатить заказ?', 'Оплатить заказ можно переводом на карту Сбербанка, либо оплатить заказ при получении. Если ваш заказ более 500руб, обязательно необходима предоплата в размере 50% от суммы заказа.', '2024-11-08 05:25:15', '2024-11-08 05:25:15'),
(3, 'Где мне получить свой заказ?', 'Забрать заказ самостоятельно можно в одном из наших офисов по адресам:\r\nг.Кунгур, ул.Карла Маркса 27в, ТЦ \"Киттарский\", фотосалон \"Фотодок\".\r\nг.Кунгур, ул. Гоголя 24 \"Мечта\" (2й этаж), фотосалон \"Фотодок\".\r\n\r\nТакже возможно заказать доставку на адрес по г.Кунгур, стоимость доставки - от 100руб. Возможно отправка Почтой России по РФ при заказе от 1000руб.', '2024-11-08 05:26:07', '2024-11-11 05:00:19'),
(4, 'Возможны ли скидки?', 'На сайте все цены уже со скидкой.', '2024-11-08 05:28:18', '2024-11-08 05:28:18'),
(5, 'Удаляются ли мои фотографии после выполнение заказа?', 'Фотографии удаляются с сервера автоматически через 14 дней после получения вашего заказа.', '2024-11-08 05:28:38', '2024-11-08 05:28:38');

-- --------------------------------------------------------

--
-- Структура таблицы `margins`
--

CREATE TABLE `margins` (
  `id` bigint UNSIGNED NOT NULL,
  `name` varchar(255) CHARACTER SET utf8mb4 COLLATE utf8mb4_unicode_ci NOT NULL,
  `created_at` timestamp NULL DEFAULT NULL,
  `updated_at` timestamp NULL DEFAULT NULL
) ENGINE=InnoDB DEFAULT CHARSET=utf8mb4 COLLATE=utf8mb4_unicode_ci;

--
-- Дамп данных таблицы `margins`
--

INSERT INTO `margins` (`id`, `name`, `created_at`, `updated_at`) VALUES
(1, 'Без полей', '2024-06-10 06:00:36', '2024-06-10 06:00:36'),
(2, 'С полями', '2024-06-10 06:00:56', '2024-06-10 06:07:34');

-- --------------------------------------------------------

--
-- Структура таблицы `materials`
--

CREATE TABLE `materials` (
  `id` bigint UNSIGNED NOT NULL,
  `name` varchar(255) CHARACTER SET utf8mb4 COLLATE utf8mb4_unicode_ci NOT NULL,
  `material_type_id` bigint UNSIGNED NOT NULL,
  `created_at` timestamp NULL DEFAULT NULL,
  `updated_at` timestamp NULL DEFAULT NULL,
  `sort_order` int NOT NULL DEFAULT '1'
) ENGINE=InnoDB DEFAULT CHARSET=utf8mb4 COLLATE=utf8mb4_unicode_ci;

--
-- Дамп данных таблицы `materials`
--

INSERT INTO `materials` (`id`, `name`, `material_type_id`, `created_at`, `updated_at`, `sort_order`) VALUES
(1, 'Глянцевая', 1, '2024-04-16 03:11:55', '2024-04-16 03:11:55', 1),
(2, 'Матовая', 1, '2024-04-16 23:21:10', '2024-04-16 23:21:10', 1),
(3, 'Пазл Картонный', 1, '2024-04-16 23:21:28', '2024-04-16 23:21:28', 1),
(4, 'Пазл Магнитный', 1, '2024-04-16 23:21:37', '2024-04-16 23:21:37', 1),
(5, 'Самоклеющаяся', 1, '2024-04-16 23:21:49', '2024-04-16 23:21:49', 1),
(6, 'Сатиновая (Премиум)', 1, '2024-04-16 23:22:00', '2024-04-16 23:22:00', 1),
(7, 'Текстура Кожа (Премиум)', 1, '2024-04-16 23:22:17', '2024-04-16 23:22:17', 1),
(8, 'Текстура Ткань (Премиум)', 1, '2024-04-16 23:22:39', '2024-04-16 23:22:39', 1),
(9, 'Шёлк (Премиум)', 1, '2024-04-16 23:22:48', '2024-04-16 23:22:48', 1),
(10, 'Брелок Акриловый', 2, '2024-04-26 03:56:55', '2024-04-26 03:56:55', 1),
(11, 'Значок Закатной', 2, '2024-04-26 03:57:07', '2024-04-26 03:57:07', 1),
(12, 'Магнит Акриловый', 2, '2024-04-26 03:57:20', '2024-04-26 03:57:20', 1),
(13, 'Магнит Закатной', 2, '2024-04-26 03:57:32', '2024-04-26 03:57:32', 1);

-- --------------------------------------------------------

--
-- Структура таблицы `material_types`
--

CREATE TABLE `material_types` (
  `id` bigint UNSIGNED NOT NULL,
  `name` varchar(255) CHARACTER SET utf8mb4 COLLATE utf8mb4_unicode_ci NOT NULL,
  `created_at` timestamp NULL DEFAULT NULL,
  `updated_at` timestamp NULL DEFAULT NULL
) ENGINE=InnoDB DEFAULT CHARSET=utf8mb4 COLLATE=utf8mb4_unicode_ci;

--
-- Дамп данных таблицы `material_types`
--

INSERT INTO `material_types` (`id`, `name`, `created_at`, `updated_at`) VALUES
(1, 'Основной', '2024-04-16 03:11:20', '2024-04-16 03:11:20'),
(2, 'Дополнительный', '2024-04-16 03:12:08', '2024-04-16 03:12:08');

-- --------------------------------------------------------

--
-- Структура таблицы `migrations`
--

CREATE TABLE `migrations` (
  `id` int UNSIGNED NOT NULL,
  `migration` varchar(255) CHARACTER SET utf8mb4 COLLATE utf8mb4_unicode_ci NOT NULL,
  `batch` int NOT NULL
) ENGINE=InnoDB DEFAULT CHARSET=utf8mb4 COLLATE=utf8mb4_unicode_ci;

--
-- Дамп данных таблицы `migrations`
--

INSERT INTO `migrations` (`id`, `migration`, `batch`) VALUES
(1, '2014_10_12_000000_create_users_table', 1),
(2, '2014_10_12_100000_create_password_reset_tokens_table', 1),
(3, '2019_08_19_000000_create_failed_jobs_table', 1),
(4, '2019_12_14_000001_create_personal_access_tokens_table', 1),
(5, '2020_10_04_115514_create_moonshine_roles_table', 1),
(6, '2020_10_05_173148_create_moonshine_tables', 1),
(7, '2022_12_19_115549_create_moonshine_socialites_table', 1),
(8, '2024_03_27_110310_create_material_types_table', 1),
(9, '2024_03_27_113039_material_link_material_type', 1),
(10, '2024_03_27_114454_create_size_types_table', 1),
(11, '2024_03_27_114517_create_sizes_table', 1),
(12, '2024_03_29_032640_create_price_types_table', 1),
(13, '2024_03_29_032706_create_prices_table', 1),
(14, '2024_03_29_042708_create_orders_table', 1),
(15, '2024_03_29_045422_create_photos_table', 1),
(16, '9999_12_20_173629_create_notifications_table', 1),
(17, '2024_04_16_103613_add_sort_order_to_sizes_table', 2),
(18, '2024_04_16_104223_add_sort_order_to_materials_table', 2),
(19, '2024_06_10_104027_create_margins_table', 3),
(20, '2024_11_08_094327_create_faqs_table', 4),
(21, '2024_11_11_104018_create_services_table', 5),
(22, '2024_11_12_100249_create_contacts_table', 6);

-- --------------------------------------------------------

--
-- Структура таблицы `moonshine_socialites`
--

CREATE TABLE `moonshine_socialites` (
  `id` bigint UNSIGNED NOT NULL,
  `moonshine_user_id` bigint UNSIGNED NOT NULL,
  `driver` varchar(255) CHARACTER SET utf8mb4 COLLATE utf8mb4_unicode_ci NOT NULL,
  `identity` varchar(255) CHARACTER SET utf8mb4 COLLATE utf8mb4_unicode_ci NOT NULL,
  `created_at` timestamp NULL DEFAULT NULL,
  `updated_at` timestamp NULL DEFAULT NULL
) ENGINE=InnoDB DEFAULT CHARSET=utf8mb4 COLLATE=utf8mb4_unicode_ci;

-- --------------------------------------------------------

--
-- Структура таблицы `moonshine_users`
--

CREATE TABLE `moonshine_users` (
  `id` bigint UNSIGNED NOT NULL,
  `moonshine_user_role_id` bigint UNSIGNED NOT NULL DEFAULT '1',
  `email` varchar(190) CHARACTER SET utf8mb4 COLLATE utf8mb4_unicode_ci NOT NULL,
  `password` varchar(255) CHARACTER SET utf8mb4 COLLATE utf8mb4_unicode_ci NOT NULL,
  `name` varchar(255) CHARACTER SET utf8mb4 COLLATE utf8mb4_unicode_ci NOT NULL,
  `avatar` varchar(255) CHARACTER SET utf8mb4 COLLATE utf8mb4_unicode_ci DEFAULT NULL,
  `remember_token` varchar(100) CHARACTER SET utf8mb4 COLLATE utf8mb4_unicode_ci DEFAULT NULL,
  `created_at` timestamp NULL DEFAULT NULL,
  `updated_at` timestamp NULL DEFAULT NULL
) ENGINE=InnoDB DEFAULT CHARSET=utf8mb4 COLLATE=utf8mb4_unicode_ci;

--
-- Дамп данных таблицы `moonshine_users`
--

INSERT INTO `moonshine_users` (`id`, `moonshine_user_role_id`, `email`, `password`, `name`, `avatar`, `remember_token`, `created_at`, `updated_at`) VALUES
(1, 1, 'maxim.trz@gmail.com', '$2y$12$QIQmcIasw.AKGg.os66b2eU8rWDroAy1Ar9Lt797IqgOsIOY/2cma', 'Maksim', NULL, NULL, '2024-04-16 00:53:33', '2024-04-16 00:53:33');

-- --------------------------------------------------------

--
-- Структура таблицы `moonshine_user_roles`
--

CREATE TABLE `moonshine_user_roles` (
  `id` bigint UNSIGNED NOT NULL,
  `name` varchar(255) CHARACTER SET utf8mb4 COLLATE utf8mb4_unicode_ci NOT NULL,
  `created_at` timestamp NULL DEFAULT NULL,
  `updated_at` timestamp NULL DEFAULT NULL
) ENGINE=InnoDB DEFAULT CHARSET=utf8mb4 COLLATE=utf8mb4_unicode_ci;

--
-- Дамп данных таблицы `moonshine_user_roles`
--

INSERT INTO `moonshine_user_roles` (`id`, `name`, `created_at`, `updated_at`) VALUES
(1, 'Admin', '2024-04-16 00:52:42', '2024-04-16 00:52:42');

-- --------------------------------------------------------

--
-- Структура таблицы `notifications`
--

CREATE TABLE `notifications` (
  `id` char(36) CHARACTER SET utf8mb4 COLLATE utf8mb4_unicode_ci NOT NULL,
  `type` varchar(255) CHARACTER SET utf8mb4 COLLATE utf8mb4_unicode_ci NOT NULL,
  `notifiable_type` varchar(255) CHARACTER SET utf8mb4 COLLATE utf8mb4_unicode_ci NOT NULL,
  `notifiable_id` bigint UNSIGNED NOT NULL,
  `data` text CHARACTER SET utf8mb4 COLLATE utf8mb4_unicode_ci NOT NULL,
  `read_at` timestamp NULL DEFAULT NULL,
  `created_at` timestamp NULL DEFAULT NULL,
  `updated_at` timestamp NULL DEFAULT NULL
) ENGINE=InnoDB DEFAULT CHARSET=utf8mb4 COLLATE=utf8mb4_unicode_ci;

-- --------------------------------------------------------

--
-- Структура таблицы `orders`
--

CREATE TABLE `orders` (
  `id` bigint UNSIGNED NOT NULL,
  `name` varchar(255) CHARACTER SET utf8mb4 COLLATE utf8mb4_unicode_ci NOT NULL,
  `surname` varchar(255) CHARACTER SET utf8mb4 COLLATE utf8mb4_unicode_ci NOT NULL,
  `email` varchar(255) CHARACTER SET utf8mb4 COLLATE utf8mb4_unicode_ci NOT NULL,
  `phone` varchar(255) CHARACTER SET utf8mb4 COLLATE utf8mb4_unicode_ci NOT NULL,
  `delivery_type` int NOT NULL,
  `pay_type` int NOT NULL,
  `delivery_adress` varchar(255) CHARACTER SET utf8mb4 COLLATE utf8mb4_unicode_ci NOT NULL,
  `status` int NOT NULL,
  `wasOpened` tinyint(1) NOT NULL,
  `created_at` timestamp NULL DEFAULT NULL,
  `updated_at` timestamp NULL DEFAULT NULL
) ENGINE=InnoDB DEFAULT CHARSET=utf8mb4 COLLATE=utf8mb4_unicode_ci;

--
-- Дамп данных таблицы `orders`
--

INSERT INTO `orders` (`id`, `name`, `surname`, `email`, `phone`, `delivery_type`, `pay_type`, `delivery_adress`, `status`, `wasOpened`, `created_at`, `updated_at`) VALUES
(1, 'Максим', 'Трапезников', 'maxim.trz@gmail.com', '9068715548', 1, 1, '55555', 2, 0, '2024-07-16 22:22:22', '2024-07-16 22:22:23'),
(2, 'Максим', 'Трапезников', 'maxim.trz@gmail.com', '9091198955', 1, 1, 'йййй', 2, 0, '2024-07-16 22:23:22', '2024-07-16 22:23:22'),
(3, 'Максим', 'Трапезников', 'maxim.trz@gmail.com', '9091198955', 1, 1, 'йййй', 2, 0, '2024-07-16 22:28:34', '2024-07-16 22:28:34'),
(4, 'Максим', 'Трапезников', 'maxim.trz@gmail.com', '9091198955', 1, 1, 'йййй', 2, 0, '2024-07-16 22:30:55', '2024-07-16 22:30:55'),
(5, 'Максим', 'Трапезников', 'maxim.trz@gmail.com', '9091198955', 1, 1, 'йййй', 2, 0, '2024-07-16 22:31:24', '2024-07-16 22:31:24'),
(6, 'Максим', 'Трапезников', 'maxim.trz@gmail.com', '9091198955', 1, 1, 'йййй', 2, 0, '2024-07-16 22:33:32', '2024-07-16 22:33:32'),
(7, 'Максим', 'Трапезников', 'maxim.trz@gmail.com', '9091198955', 1, 1, 'йййй', 2, 0, '2024-07-16 22:33:35', '2024-07-16 22:33:35'),
(8, 'Максим', 'Трапезников', 'maxim.trz@gmail.com', '9091198955', 1, 1, 'йййй', 2, 0, '2024-07-16 22:36:29', '2024-07-16 22:36:29'),
(9, 'Максим', 'Трапезников', 'maxim.trz@gmail.com', '9068715548', 1, 1, '55555', 2, 0, '2024-07-16 22:37:37', '2024-07-16 22:37:43'),
(10, 'Максим', 'Трапезников', 'maxim.trz@gmail.com', '9091198955', 1, 1, 'йййй', 2, 0, '2024-07-16 22:42:07', '2024-07-16 22:42:07'),
(11, 'Максим', 'Трапезников', 'maxim.trz@gmail.com', '9068715548', 1, 1, '55555', 2, 0, '2024-07-16 22:43:26', '2024-07-16 22:43:32'),
(12, 'Максим', 'Трапезников', 'maxim.trz@gmail.com', '9068715548', 1, 1, '55555', 2, 0, '2024-07-16 22:47:24', '2024-07-16 22:47:30'),
(13, 'Максим', 'Трапезников', 'maxim.trz@gmail.com', '9068715548', 1, 1, '55555', 1, 0, '2024-07-16 22:47:58', '2024-07-16 22:47:58'),
(14, 'Максим', 'Трапезников', 'maxim.trz@gmail.com', '9068715548', 1, 1, '55555', 1, 0, '2024-07-16 22:48:44', '2024-07-16 22:48:44'),
(15, 'Максим', 'Трапезников', 'maxim.trz@gmail.com', '9068715548', 1, 1, '55555', 1, 0, '2024-07-16 22:49:21', '2024-07-16 22:49:21'),
(16, 'Максим', 'Трапезников', 'maxim.trz@gmail.com', '9068715548', 1, 1, '55555', 2, 0, '2024-07-16 22:51:46', '2024-07-16 22:51:51'),
(17, 'Максим', 'Трапезников', 'maxim.trz@gmail.com', '9068715548', 1, 1, '55555', 1, 0, '2024-07-16 22:52:42', '2024-07-16 22:52:42'),
(18, 'Максим', 'Трапезников', 'maxim.trz@gmail.com', '9068715548', 1, 1, '55555', 2, 0, '2024-07-16 22:56:48', '2024-07-16 22:57:28'),
(19, 'Максим', 'Трапезников', 'maxim.trz@gmail.com', '9068715548', 1, 1, '55555', 1, 0, '2024-07-16 22:57:54', '2024-07-16 22:57:54'),
(20, 'Максим', 'Трапезников', 'maxim.trz@gmail.com', '9068715548', 1, 1, '55555', 1, 0, '2024-07-16 23:03:53', '2024-07-16 23:03:53'),
(21, 'Максим', 'Трапезников', 'maxim.trz@gmail.com', '9068715548', 1, 1, '55555', 1, 0, '2024-07-16 23:22:21', '2024-07-16 23:22:21'),
(22, 'Максим', 'Трапезников', 'maxim.trz@gmail.com', '9091198955', 1, 1, 'йййй', 2, 0, '2024-07-16 23:31:54', '2024-07-16 23:31:54'),
(23, 'Максим', 'Трапезников', 'maxim.trz@gmail.com', '9091198955', 1, 1, 'йййй', 1, 0, '2024-07-16 23:33:01', '2024-07-16 23:33:01'),
(24, 'Максим', 'Трапезников', 'maxim.trz@gmail.com', '9091198955', 1, 1, 'йййй', 2, 0, '2024-07-16 23:33:34', '2024-07-16 23:33:34'),
(25, 'Максим', 'Трапезников', 'maxim.trz@gmail.com', '9091198955', 1, 1, 'йййй', 2, 0, '2024-07-16 23:33:35', '2024-07-16 23:33:36'),
(26, 'Максим', 'Трапезников', 'maxim.trz@gmail.com', '9091198955', 1, 1, 'йййй', 2, 0, '2024-07-16 23:33:50', '2024-07-16 23:33:50'),
(27, 'Максим', 'Трапезников', 'maxim.trz@gmail.com', '9091198955', 1, 1, 'йййй', 2, 0, '2024-07-16 23:33:51', '2024-07-16 23:33:51'),
(28, 'Максим', 'Трапезников', 'maxim.trz@gmail.com', '9091198955', 1, 1, 'йййй', 2, 0, '2024-07-16 23:34:22', '2024-07-16 23:34:22'),
(29, 'Максим', 'Трапезников', 'maxim.trz@gmail.com', '9091198955', 1, 1, 'йййй', 2, 0, '2024-07-16 23:35:23', '2024-07-16 23:35:23'),
(30, 'Максим', 'Трапезников', 'maxim.trz@gmail.com', '9091198955', 1, 1, 'йййй', 2, 0, '2024-07-16 23:35:24', '2024-07-16 23:35:24'),
(31, 'Максим', 'Трапезников', 'maxim.trz@gmail.com', '9091198955', 1, 1, 'йййй', 2, 0, '2024-07-16 23:36:02', '2024-07-16 23:36:02'),
(32, 'Максим', 'Трапезников', 'maxim.trz@gmail.com', '9091198955', 1, 1, 'йййй', 2, 0, '2024-07-16 23:36:06', '2024-07-16 23:36:06'),
(33, 'Максим', 'Трапезников', 'maxim.trz@gmail.com', '9091198955', 1, 1, 'йййй', 2, 0, '2024-07-16 23:36:08', '2024-07-16 23:36:08'),
(34, 'Максим', 'Трапезников', 'maxim.trz@gmail.com', '9091198955', 1, 1, 'йййй', 2, 0, '2024-07-16 23:36:09', '2024-07-16 23:36:09'),
(35, 'Максим', 'Трапезников', 'maxim.trz@gmail.com', '9091198955', 1, 1, 'йййй', 2, 0, '2024-07-16 23:36:23', '2024-07-16 23:36:23'),
(36, 'Максим', 'Трапезников', 'maxim.trz@gmail.com', '9091198955', 1, 1, 'йййй', 2, 0, '2024-07-16 23:36:26', '2024-07-16 23:36:26'),
(37, 'Максим', 'Трапезников', 'maxim.trz@gmail.com', '9091198955', 1, 1, 'йййй', 2, 0, '2024-07-16 23:36:27', '2024-07-16 23:36:27'),
(38, 'Максим', 'Трапезников', 'maxim.trz@gmail.com', '9091198955', 1, 1, 'йййй', 2, 0, '2024-07-16 23:37:03', '2024-07-16 23:37:03'),
(39, 'Максим', 'Трапезников', 'maxim.trz@gmail.com', '9091198955', 1, 1, 'йййй', 2, 0, '2024-07-16 23:37:05', '2024-07-16 23:37:05'),
(40, 'Максим', 'Трапезников', 'maxim.trz@gmail.com', '9091198955', 1, 1, 'йййй', 2, 0, '2024-07-16 23:37:34', '2024-07-16 23:37:34'),
(41, 'Максим', 'Трапезников', 'maxim.trz@gmail.com', '9091198955', 1, 1, 'йййй', 2, 0, '2024-07-16 23:37:36', '2024-07-16 23:37:36'),
(42, 'Максим', 'Трапезников', 'maxim.trz@gmail.com', '9091198955', 1, 1, 'йййй', 2, 0, '2024-07-16 23:44:40', '2024-07-16 23:44:40'),
(43, 'Максим', 'Трапезников', 'maxim.trz@gmail.com', '9091198955', 1, 1, 'йййй', 2, 0, '2024-07-16 23:44:43', '2024-07-16 23:44:43'),
(44, 'Максим', 'Трапезников', 'maxim.trz@gmail.com', '9091198955', 1, 1, 'йййй', 2, 0, '2024-07-16 23:44:46', '2024-07-16 23:44:46'),
(45, 'Максим', 'Трапезников', 'maxim.trz@gmail.com', '9068715548', 1, 1, '55555', 2, 0, '2024-07-17 00:57:55', '2024-07-17 00:58:38'),
(46, 'Максим', 'Трапезников', 'maxim.trz@gmail.com', '9068715548', 1, 1, '55555', 2, 0, '2024-07-17 01:01:48', '2024-07-17 01:09:29'),
(47, 'Максим', 'Трапезников', 'maxim.trz@gmail.com', '9068715548', 1, 1, '55555', 2, 0, '2024-07-17 01:10:39', '2024-07-17 01:10:55'),
(48, 'Максим', 'Трапезников', 'maxim.trz@gmail.com', '9068715548', 1, 1, '55555', 2, 0, '2024-07-17 01:11:29', '2024-07-17 01:22:30'),
(49, 'Максим', 'Трапезников', 'maxim.trz@gmail.com', '9068715548', 1, 1, '55555', 1, 0, '2024-07-17 01:24:34', '2024-07-17 01:24:34'),
(50, 'Максим', 'Трапезников', 'maxim.trz@gmail.com', '9068715548', 1, 1, '55555', 2, 0, '2024-07-17 01:26:23', '2024-07-17 01:27:03'),
(51, 'Максим', 'Трапезников', 'maxim.trz@gmail.com', '9068715548', 1, 1, '55555', 2, 0, '2024-07-17 01:27:31', '2024-07-17 01:31:20'),
(52, 'Максим', 'Трапезников', 'maxim.trz@gmail.com', '9068715548', 1, 1, '55555', 2, 0, '2024-07-17 01:35:30', '2024-07-17 01:41:05'),
(53, 'Максим', 'Трапезников', 'maxim.trz@gmail.com', '9068715548', 1, 1, '55555', 1, 0, '2024-07-17 01:44:42', '2024-07-17 01:44:42'),
(54, 'Максим', 'Трапезников', 'maxim.trz@gmail.com', '9068715548', 1, 1, '55555', 2, 0, '2024-07-17 01:45:38', '2024-07-17 01:45:43'),
(55, 'Максим', 'Трапезников', 'maxim.trz@gmail.com', '9068715548', 1, 1, '55555', 2, 0, '2024-07-17 01:46:35', '2024-07-17 01:46:48'),
(56, 'Максим', 'Трапезников', 'maxim.trz@gmail.com', '9068715548', 1, 1, '55555', 2, 0, '2024-07-17 01:50:16', '2024-07-17 01:50:16'),
(57, 'Максим', 'Трапезников', 'maxim.trz@gmail.com', '9068715548', 1, 1, '55555', 2, 0, '2024-07-17 01:51:24', '2024-07-17 01:51:29'),
(58, 'Максим', 'Трапезников', 'maxim.trz@gmail.com', '9068715548', 1, 1, '55555', 2, 0, '2024-07-17 01:56:31', '2024-07-17 02:00:41'),
(59, 'Максим', 'Трапезников', 'maxim.trz@gmail.com', '9068715548', 1, 1, '55555', 2, 0, '2024-07-17 02:58:45', '2024-07-17 02:59:06'),
(60, 'Максим', 'Трапезников', 'maxim.trz@gmail.com', '9068715548', 1, 1, '55555', 2, 0, '2024-07-17 22:56:07', '2024-07-17 22:56:09'),
(61, 'Максим', 'Трапезников', 'maxim.trz@gmail.com', '9068715548', 1, 1, '55555', 2, 0, '2024-07-17 23:20:05', '2024-07-17 23:20:07'),
(62, 'Максим', 'Трапезников', 'maxim.trz@gmail.com', '9068715548', 1, 1, '55555', 2, 0, '2024-07-17 23:23:20', '2024-07-17 23:24:00'),
(63, 'Максим', 'Трапезников', 'maxim.trz@gmail.com', '9068715548', 1, 1, '55555', 2, 0, '2024-07-17 23:26:12', '2024-07-17 23:26:13'),
(64, 'Максим', 'Трапезников', 'maxim.trz@gmail.com', '9068715548', 1, 1, '55555', 2, 0, '2024-07-17 23:36:09', '2024-07-17 23:36:11'),
(65, 'Максим', 'Трапезников', 'maxim.trz@gmail.com', '9068715548', 1, 1, '55555', 2, 0, '2024-07-17 23:36:48', '2024-07-17 23:36:49'),
(66, 'Максим', 'Трапезников', 'maxim.trz@gmail.com', '9068715548', 1, 1, '55555', 2, 0, '2024-07-17 23:48:21', '2024-07-17 23:48:21'),
(67, 'Максим', 'Трапезников', 'maxim.trz@gmail.com', '9068715548', 1, 1, 'Бачурина 1', 2, 0, '2024-07-17 23:49:37', '2024-07-17 23:49:38'),
(68, 'Максим', 'Трапезников', 'maxim.trz@gmail.com', '9068715548', 1, 1, 'Бачурина 1', 2, 0, '2024-07-17 23:49:54', '2024-07-17 23:49:56'),
(69, 'Максим', 'Трапезников', 'maxim.trz@gmail.com', '9068715548', 1, 1, 'Бачурина 1', 2, 0, '2024-07-18 03:21:10', '2024-07-18 03:21:23'),
(70, 'Максим', 'Трапезников', 'maxim.trz@gmail.com', '9068715548', 1, 1, 'Бачурина 1', 2, 0, '2024-07-18 04:29:55', '2024-07-18 04:29:56'),
(71, 'Максим', 'Трапезников', 'maxim.trz@gmail.com', '9068715548', 1, 1, 'Бачурина 1', 2, 0, '2024-07-18 04:49:17', '2024-07-18 04:49:42'),
(72, 'Максим', 'Трапезников', 'maxim.trz@gmail.com', '9068715548', 1, 1, 'Бачурина 1', 2, 0, '2024-07-18 04:58:49', '2024-07-18 04:59:12'),
(73, 'Максим', 'Трапезников', 'maxim.trz@gmail.com', '9068715548', 1, 1, 'Бачурина 1', 2, 0, '2024-07-22 01:09:34', '2024-07-22 01:09:39'),
(74, 'Максим', 'Трапезников', 'maxim.trz@gmail.com', '9068715548', 1, 1, 'Бачурина 1', 2, 0, '2024-07-22 01:18:12', '2024-07-22 01:18:14'),
(75, 'Максим', 'Трапезников', 'maxim.trz@gmail.com', '9068715548', 1, 1, 'Бачурина 1', 2, 0, '2024-07-22 01:19:06', '2024-07-22 01:19:10'),
(76, 'Максим', 'Трапезников', 'maxim.trz@gmail.com', '9068715548', 1, 1, 'Бачурина 1', 2, 0, '2024-07-22 01:19:46', '2024-07-22 01:19:50'),
(77, 'Максим', 'Трапезников', 'maxim.trz@gmail.com', '9068715548', 1, 1, 'Бачурина 1', 2, 0, '2024-07-22 01:22:47', '2024-07-22 01:22:51'),
(78, 'Максим', 'Трапезников', 'maxim.trz@gmail.com', '9068715548', 1, 1, 'Бачурина 1', 2, 0, '2024-07-22 01:24:16', '2024-07-22 01:24:25'),
(79, 'Максим', 'Трапезников', 'maxim.trz@gmail.com', '9068715548', 1, 1, 'Бачурина 1', 2, 0, '2024-07-22 01:25:11', '2024-07-22 01:25:19'),
(80, 'Максим', 'Трапезников', 'maxim.trz@gmail.com', '9068715548', 1, 1, 'Бачурина 1', 2, 0, '2024-11-12 04:25:08', '2024-11-12 04:25:14'),
(81, 'Максим', 'Трапезников', 'maxim.trz@gmail.com', '9068715548', 1, 1, 'Бачурина 1', 2, 0, '2024-11-13 01:40:35', '2024-11-13 01:40:37');

-- --------------------------------------------------------

--
-- Структура таблицы `password_reset_tokens`
--

CREATE TABLE `password_reset_tokens` (
  `email` varchar(255) CHARACTER SET utf8mb4 COLLATE utf8mb4_unicode_ci NOT NULL,
  `token` varchar(255) CHARACTER SET utf8mb4 COLLATE utf8mb4_unicode_ci NOT NULL,
  `created_at` timestamp NULL DEFAULT NULL
) ENGINE=InnoDB DEFAULT CHARSET=utf8mb4 COLLATE=utf8mb4_unicode_ci;

-- --------------------------------------------------------

--
-- Структура таблицы `personal_access_tokens`
--

CREATE TABLE `personal_access_tokens` (
  `id` bigint UNSIGNED NOT NULL,
  `tokenable_type` varchar(255) CHARACTER SET utf8mb4 COLLATE utf8mb4_unicode_ci NOT NULL,
  `tokenable_id` bigint UNSIGNED NOT NULL,
  `name` varchar(255) CHARACTER SET utf8mb4 COLLATE utf8mb4_unicode_ci NOT NULL,
  `token` varchar(64) CHARACTER SET utf8mb4 COLLATE utf8mb4_unicode_ci NOT NULL,
  `abilities` text CHARACTER SET utf8mb4 COLLATE utf8mb4_unicode_ci,
  `last_used_at` timestamp NULL DEFAULT NULL,
  `expires_at` timestamp NULL DEFAULT NULL,
  `created_at` timestamp NULL DEFAULT NULL,
  `updated_at` timestamp NULL DEFAULT NULL
) ENGINE=InnoDB DEFAULT CHARSET=utf8mb4 COLLATE=utf8mb4_unicode_ci;

-- --------------------------------------------------------

--
-- Структура таблицы `photos`
--

CREATE TABLE `photos` (
  `id` bigint UNSIGNED NOT NULL,
  `order_id` bigint UNSIGNED NOT NULL,
  `file_name` varchar(255) CHARACTER SET utf8mb4 COLLATE utf8mb4_unicode_ci NOT NULL,
  `size_id` bigint UNSIGNED NOT NULL,
  `material_id` bigint UNSIGNED NOT NULL,
  `amount` int NOT NULL,
  `created_at` timestamp NULL DEFAULT NULL,
  `updated_at` timestamp NULL DEFAULT NULL
) ENGINE=InnoDB DEFAULT CHARSET=utf8mb4 COLLATE=utf8mb4_unicode_ci;

--
-- Дамп данных таблицы `photos`
--

INSERT INTO `photos` (`id`, `order_id`, `file_name`, `size_id`, `material_id`, `amount`, `created_at`, `updated_at`) VALUES
(1, 1, 'test', 4, 1, 1, '2024-07-16 22:22:22', '2024-07-16 22:22:22'),
(2, 2, 'test', 2, 1, 5, '2024-07-16 22:23:22', '2024-07-16 22:23:22'),
(3, 3, 'test', 2, 1, 5, '2024-07-16 22:28:34', '2024-07-16 22:28:34'),
(4, 4, 'test', 2, 1, 5, '2024-07-16 22:30:55', '2024-07-16 22:30:55'),
(5, 5, 'test', 2, 1, 5, '2024-07-16 22:31:24', '2024-07-16 22:31:24'),
(6, 6, 'test', 2, 1, 5, '2024-07-16 22:33:32', '2024-07-16 22:33:32'),
(7, 7, 'test', 2, 1, 5, '2024-07-16 22:33:35', '2024-07-16 22:33:35'),
(8, 8, 'test', 2, 1, 5, '2024-07-16 22:36:29', '2024-07-16 22:36:29'),
(9, 9, 'test', 4, 1, 1, '2024-07-16 22:37:37', '2024-07-16 22:37:37'),
(10, 9, 'test', 4, 1, 1, '2024-07-16 22:37:39', '2024-07-16 22:37:39'),
(11, 9, 'test', 4, 1, 1, '2024-07-16 22:37:40', '2024-07-16 22:37:40'),
(12, 9, 'test', 4, 1, 1, '2024-07-16 22:37:41', '2024-07-16 22:37:41'),
(13, 9, 'test', 4, 1, 1, '2024-07-16 22:37:43', '2024-07-16 22:37:43'),
(14, 10, 'test', 2, 1, 5, '2024-07-16 22:42:07', '2024-07-16 22:42:07'),
(15, 1, 'test', 2, 1, 5, '2024-07-16 22:42:12', '2024-07-16 22:42:12'),
(16, 1, 'test', 2, 1, 5, '2024-07-16 22:42:14', '2024-07-16 22:42:14'),
(17, 11, 'test', 4, 1, 1, '2024-07-16 22:43:26', '2024-07-16 22:43:26'),
(18, 11, 'test', 4, 1, 1, '2024-07-16 22:43:28', '2024-07-16 22:43:28'),
(19, 11, 'test', 4, 1, 1, '2024-07-16 22:43:29', '2024-07-16 22:43:29'),
(20, 11, 'test', 4, 1, 1, '2024-07-16 22:43:30', '2024-07-16 22:43:30'),
(21, 11, 'test', 4, 1, 1, '2024-07-16 22:43:32', '2024-07-16 22:43:32'),
(22, 12, 'test', 4, 1, 1, '2024-07-16 22:47:24', '2024-07-16 22:47:24'),
(23, 12, 'test', 4, 1, 1, '2024-07-16 22:47:26', '2024-07-16 22:47:26'),
(24, 12, 'test', 4, 1, 1, '2024-07-16 22:47:27', '2024-07-16 22:47:27'),
(25, 12, 'test', 4, 1, 1, '2024-07-16 22:47:28', '2024-07-16 22:47:28'),
(26, 12, 'test', 4, 1, 1, '2024-07-16 22:47:30', '2024-07-16 22:47:30'),
(27, 13, 'test', 4, 1, 1, '2024-07-16 22:47:58', '2024-07-16 22:47:58'),
(28, 14, 'test', 4, 1, 1, '2024-07-16 22:48:44', '2024-07-16 22:48:44'),
(29, 14, 'test', 4, 1, 1, '2024-07-16 22:48:45', '2024-07-16 22:48:45'),
(30, 15, 'test', 4, 1, 1, '2024-07-16 22:49:21', '2024-07-16 22:49:21'),
(31, 15, 'test', 4, 1, 1, '2024-07-16 22:49:22', '2024-07-16 22:49:22'),
(32, 15, 'test', 4, 1, 1, '2024-07-16 22:49:23', '2024-07-16 22:49:23'),
(33, 15, 'test', 4, 1, 1, '2024-07-16 22:49:25', '2024-07-16 22:49:25'),
(34, 15, 'test', 4, 1, 1, '2024-07-16 22:49:26', '2024-07-16 22:49:26'),
(35, 16, 'test', 4, 1, 1, '2024-07-16 22:51:46', '2024-07-16 22:51:46'),
(36, 16, 'test', 4, 1, 1, '2024-07-16 22:51:47', '2024-07-16 22:51:47'),
(37, 16, 'test', 4, 1, 1, '2024-07-16 22:51:48', '2024-07-16 22:51:48'),
(38, 16, 'test', 4, 1, 1, '2024-07-16 22:51:50', '2024-07-16 22:51:50'),
(39, 16, 'test', 4, 1, 1, '2024-07-16 22:51:51', '2024-07-16 22:51:51'),
(40, 17, 'test', 4, 1, 1, '2024-07-16 22:52:42', '2024-07-16 22:52:42'),
(41, 1, 'test', 2, 1, 5, '2024-07-16 22:53:03', '2024-07-16 22:53:03'),
(42, 1, 'test', 2, 1, 5, '2024-07-16 22:53:05', '2024-07-16 22:53:05'),
(43, 1, 'test', 2, 1, 5, '2024-07-16 22:53:19', '2024-07-16 22:53:19'),
(44, 1, 'test', 2, 1, 5, '2024-07-16 22:53:47', '2024-07-16 22:53:47'),
(45, 1, 'test', 2, 1, 5, '2024-07-16 22:53:52', '2024-07-16 22:53:52'),
(46, 1, 'test', 2, 1, 5, '2024-07-16 22:53:53', '2024-07-16 22:53:53'),
(47, 1, 'test', 2, 1, 5, '2024-07-16 22:53:54', '2024-07-16 22:53:54'),
(48, 1, 'test', 2, 1, 5, '2024-07-16 22:55:27', '2024-07-16 22:55:27'),
(49, 1, 'test', 2, 1, 5, '2024-07-16 22:55:28', '2024-07-16 22:55:28'),
(50, 1, 'test', 2, 1, 5, '2024-07-16 22:55:30', '2024-07-16 22:55:30'),
(51, 1, 'test', 2, 1, 5, '2024-07-16 22:55:55', '2024-07-16 22:55:55'),
(52, 1, 'test', 2, 1, 5, '2024-07-16 22:55:57', '2024-07-16 22:55:57'),
(53, 1, 'test', 2, 1, 5, '2024-07-16 22:55:58', '2024-07-16 22:55:58'),
(54, 1, 'test', 2, 1, 5, '2024-07-16 22:55:59', '2024-07-16 22:55:59'),
(55, 1, 'test', 2, 1, 5, '2024-07-16 22:56:00', '2024-07-16 22:56:00'),
(56, 1, 'test', 2, 1, 5, '2024-07-16 22:56:01', '2024-07-16 22:56:01'),
(57, 1, 'test', 2, 1, 5, '2024-07-16 22:56:02', '2024-07-16 22:56:02'),
(58, 18, 'test', 4, 1, 1, '2024-07-16 22:56:48', '2024-07-16 22:56:48'),
(59, 18, 'test', 4, 1, 1, '2024-07-16 22:56:49', '2024-07-16 22:56:49'),
(60, 18, 'test', 4, 1, 1, '2024-07-16 22:56:50', '2024-07-16 22:56:50'),
(61, 18, 'test', 4, 1, 1, '2024-07-16 22:56:52', '2024-07-16 22:56:52'),
(62, 18, 'test', 4, 1, 1, '2024-07-16 22:56:53', '2024-07-16 22:56:53'),
(63, 18, 'test', 4, 1, 1, '2024-07-16 22:56:55', '2024-07-16 22:56:55'),
(64, 18, 'test', 4, 1, 1, '2024-07-16 22:56:56', '2024-07-16 22:56:56'),
(65, 18, 'test', 4, 1, 1, '2024-07-16 22:56:57', '2024-07-16 22:56:57'),
(66, 18, 'test', 4, 1, 1, '2024-07-16 22:56:59', '2024-07-16 22:56:59'),
(67, 18, 'test', 4, 1, 1, '2024-07-16 22:57:00', '2024-07-16 22:57:00'),
(68, 18, 'test', 4, 1, 1, '2024-07-16 22:57:02', '2024-07-16 22:57:02'),
(69, 18, 'test', 4, 1, 1, '2024-07-16 22:57:03', '2024-07-16 22:57:03'),
(70, 18, 'test', 4, 1, 1, '2024-07-16 22:57:04', '2024-07-16 22:57:04'),
(71, 18, 'test', 4, 1, 1, '2024-07-16 22:57:06', '2024-07-16 22:57:06'),
(72, 18, 'test', 4, 1, 1, '2024-07-16 22:57:07', '2024-07-16 22:57:07'),
(73, 18, 'test', 4, 1, 1, '2024-07-16 22:57:08', '2024-07-16 22:57:08'),
(74, 18, 'test', 4, 1, 1, '2024-07-16 22:57:10', '2024-07-16 22:57:10'),
(75, 18, 'test', 4, 1, 1, '2024-07-16 22:57:11', '2024-07-16 22:57:11'),
(76, 18, 'test', 4, 1, 1, '2024-07-16 22:57:12', '2024-07-16 22:57:12'),
(77, 18, 'test', 4, 1, 1, '2024-07-16 22:57:14', '2024-07-16 22:57:14'),
(78, 18, 'test', 4, 1, 1, '2024-07-16 22:57:15', '2024-07-16 22:57:15'),
(79, 18, 'test', 4, 1, 1, '2024-07-16 22:57:17', '2024-07-16 22:57:17'),
(80, 18, 'test', 4, 1, 1, '2024-07-16 22:57:18', '2024-07-16 22:57:18'),
(81, 18, 'test', 4, 1, 1, '2024-07-16 22:57:19', '2024-07-16 22:57:19'),
(82, 18, 'test', 4, 1, 1, '2024-07-16 22:57:21', '2024-07-16 22:57:21'),
(83, 18, 'test', 4, 1, 1, '2024-07-16 22:57:22', '2024-07-16 22:57:22'),
(84, 18, 'test', 4, 1, 1, '2024-07-16 22:57:24', '2024-07-16 22:57:24'),
(85, 18, 'test', 4, 1, 1, '2024-07-16 22:57:25', '2024-07-16 22:57:25'),
(86, 18, 'test', 4, 1, 1, '2024-07-16 22:57:26', '2024-07-16 22:57:26'),
(87, 18, 'test', 4, 1, 1, '2024-07-16 22:57:28', '2024-07-16 22:57:28'),
(88, 19, 'test', 4, 1, 1, '2024-07-16 22:57:54', '2024-07-16 22:57:54'),
(89, 19, 'test', 4, 1, 1, '2024-07-16 22:57:55', '2024-07-16 22:57:55'),
(90, 1, 'test', 2, 1, 5, '2024-07-16 23:00:38', '2024-07-16 23:00:38'),
(91, 1, 'test', 2, 1, 5, '2024-07-16 23:00:39', '2024-07-16 23:00:39'),
(92, 1, 'test', 2, 1, 5, '2024-07-16 23:00:40', '2024-07-16 23:00:40'),
(93, 1, 'test', 2, 1, 5, '2024-07-16 23:00:41', '2024-07-16 23:00:41'),
(94, 1, 'test', 2, 1, 5, '2024-07-16 23:00:42', '2024-07-16 23:00:42'),
(95, 1, 'test', 2, 1, 5, '2024-07-16 23:00:43', '2024-07-16 23:00:43'),
(96, 1, 'test', 2, 1, 5, '2024-07-16 23:00:44', '2024-07-16 23:00:44'),
(97, 1, 'test', 2, 1, 5, '2024-07-16 23:00:46', '2024-07-16 23:00:46'),
(98, 1, 'test', 2, 1, 5, '2024-07-16 23:00:48', '2024-07-16 23:00:48'),
(99, 1, 'test', 2, 1, 5, '2024-07-16 23:00:50', '2024-07-16 23:00:50'),
(100, 1, 'test', 2, 1, 5, '2024-07-16 23:00:52', '2024-07-16 23:00:52'),
(101, 20, 'test', 4, 1, 1, '2024-07-16 23:03:53', '2024-07-16 23:03:53'),
(102, 20, 'test', 4, 1, 1, '2024-07-16 23:03:54', '2024-07-16 23:03:54'),
(103, 20, 'test', 4, 1, 1, '2024-07-16 23:03:56', '2024-07-16 23:03:56'),
(104, 20, 'test', 4, 1, 1, '2024-07-16 23:03:57', '2024-07-16 23:03:57'),
(105, 20, 'test', 4, 1, 1, '2024-07-16 23:03:58', '2024-07-16 23:03:58'),
(106, 20, 'test', 4, 1, 1, '2024-07-16 23:04:00', '2024-07-16 23:04:00'),
(107, 20, 'test', 4, 1, 1, '2024-07-16 23:04:01', '2024-07-16 23:04:01'),
(108, 20, 'test', 4, 1, 1, '2024-07-16 23:04:03', '2024-07-16 23:04:03'),
(109, 20, 'test', 4, 1, 1, '2024-07-16 23:04:04', '2024-07-16 23:04:04'),
(110, 20, 'test', 4, 1, 1, '2024-07-16 23:04:05', '2024-07-16 23:04:05'),
(111, 20, 'test', 4, 1, 1, '2024-07-16 23:04:07', '2024-07-16 23:04:07'),
(112, 20, 'test', 4, 1, 1, '2024-07-16 23:04:08', '2024-07-16 23:04:08'),
(113, 20, 'test', 4, 1, 1, '2024-07-16 23:04:10', '2024-07-16 23:04:10'),
(114, 20, 'test', 4, 1, 1, '2024-07-16 23:04:11', '2024-07-16 23:04:11'),
(115, 20, 'test', 4, 1, 1, '2024-07-16 23:04:12', '2024-07-16 23:04:12'),
(116, 20, 'test', 4, 1, 1, '2024-07-16 23:04:14', '2024-07-16 23:04:14'),
(117, 20, 'test', 4, 1, 1, '2024-07-16 23:04:15', '2024-07-16 23:04:15'),
(118, 20, 'test', 4, 1, 1, '2024-07-16 23:04:16', '2024-07-16 23:04:16'),
(119, 20, 'test', 4, 1, 1, '2024-07-16 23:04:18', '2024-07-16 23:04:18'),
(120, 20, 'test', 4, 1, 1, '2024-07-16 23:04:19', '2024-07-16 23:04:19'),
(121, 20, 'test', 4, 1, 1, '2024-07-16 23:04:20', '2024-07-16 23:04:20'),
(122, 20, 'test', 4, 1, 1, '2024-07-16 23:04:22', '2024-07-16 23:04:22'),
(123, 20, 'test', 4, 1, 1, '2024-07-16 23:04:23', '2024-07-16 23:04:23'),
(124, 20, 'test', 4, 1, 1, '2024-07-16 23:04:24', '2024-07-16 23:04:24'),
(125, 20, 'test', 4, 1, 1, '2024-07-16 23:04:26', '2024-07-16 23:04:26'),
(126, 20, 'test', 4, 1, 1, '2024-07-16 23:04:27', '2024-07-16 23:04:27'),
(127, 20, 'test', 4, 1, 1, '2024-07-16 23:04:28', '2024-07-16 23:04:28'),
(128, 20, 'test', 4, 1, 1, '2024-07-16 23:04:30', '2024-07-16 23:04:30'),
(129, 20, 'test', 4, 1, 1, '2024-07-16 23:04:31', '2024-07-16 23:04:31'),
(130, 20, 'test', 4, 1, 1, '2024-07-16 23:04:32', '2024-07-16 23:04:32'),
(131, 20, 'test', 4, 1, 1, '2024-07-16 23:04:34', '2024-07-16 23:04:34'),
(132, 20, 'test', 4, 1, 1, '2024-07-16 23:04:35', '2024-07-16 23:04:35'),
(133, 20, 'test', 4, 1, 1, '2024-07-16 23:04:36', '2024-07-16 23:04:36'),
(134, 20, 'test', 4, 1, 1, '2024-07-16 23:04:38', '2024-07-16 23:04:38'),
(135, 20, 'test', 4, 1, 1, '2024-07-16 23:04:39', '2024-07-16 23:04:39'),
(136, 20, 'test', 4, 1, 1, '2024-07-16 23:04:40', '2024-07-16 23:04:40'),
(137, 20, 'test', 4, 1, 1, '2024-07-16 23:04:42', '2024-07-16 23:04:42'),
(138, 20, 'test', 4, 1, 1, '2024-07-16 23:04:43', '2024-07-16 23:04:43'),
(139, 20, 'test', 4, 1, 1, '2024-07-16 23:04:44', '2024-07-16 23:04:44'),
(140, 20, 'test', 4, 1, 1, '2024-07-16 23:04:46', '2024-07-16 23:04:46'),
(141, 20, 'test', 4, 1, 1, '2024-07-16 23:04:47', '2024-07-16 23:04:47'),
(142, 20, 'test', 4, 1, 1, '2024-07-16 23:04:49', '2024-07-16 23:04:49'),
(143, 20, 'test', 4, 1, 1, '2024-07-16 23:04:50', '2024-07-16 23:04:50'),
(144, 20, 'test', 4, 1, 1, '2024-07-16 23:04:52', '2024-07-16 23:04:52'),
(145, 20, 'test', 4, 1, 1, '2024-07-16 23:04:53', '2024-07-16 23:04:53'),
(146, 20, 'test', 4, 1, 1, '2024-07-16 23:04:55', '2024-07-16 23:04:55'),
(147, 20, 'test', 4, 1, 1, '2024-07-16 23:04:57', '2024-07-16 23:04:57'),
(148, 20, 'test', 4, 1, 1, '2024-07-16 23:04:58', '2024-07-16 23:04:58'),
(149, 20, 'test', 4, 1, 1, '2024-07-16 23:05:00', '2024-07-16 23:05:00'),
(150, 20, 'test', 4, 1, 1, '2024-07-16 23:05:01', '2024-07-16 23:05:01'),
(151, 20, 'test', 4, 1, 1, '2024-07-16 23:05:03', '2024-07-16 23:05:03'),
(152, 20, 'test', 4, 1, 1, '2024-07-16 23:05:04', '2024-07-16 23:05:04'),
(153, 20, 'test', 4, 1, 1, '2024-07-16 23:05:06', '2024-07-16 23:05:06'),
(154, 20, 'test', 4, 1, 1, '2024-07-16 23:05:07', '2024-07-16 23:05:07'),
(155, 20, 'test', 4, 1, 1, '2024-07-16 23:05:09', '2024-07-16 23:05:09'),
(156, 20, 'test', 4, 1, 1, '2024-07-16 23:05:10', '2024-07-16 23:05:10'),
(157, 20, 'test', 4, 1, 1, '2024-07-16 23:05:12', '2024-07-16 23:05:12'),
(158, 20, 'test', 4, 1, 1, '2024-07-16 23:05:13', '2024-07-16 23:05:13'),
(159, 20, 'test', 4, 1, 1, '2024-07-16 23:05:15', '2024-07-16 23:05:15'),
(160, 20, 'test', 4, 1, 1, '2024-07-16 23:05:16', '2024-07-16 23:05:16'),
(161, 20, 'test', 4, 1, 1, '2024-07-16 23:05:18', '2024-07-16 23:05:18'),
(162, 20, 'test', 4, 1, 1, '2024-07-16 23:05:19', '2024-07-16 23:05:19'),
(163, 20, 'test', 4, 1, 1, '2024-07-16 23:05:21', '2024-07-16 23:05:21'),
(164, 20, 'test', 4, 1, 1, '2024-07-16 23:05:22', '2024-07-16 23:05:22'),
(165, 20, 'test', 4, 1, 1, '2024-07-16 23:05:24', '2024-07-16 23:05:24'),
(166, 20, 'test', 4, 1, 1, '2024-07-16 23:05:25', '2024-07-16 23:05:25'),
(167, 20, 'test', 4, 1, 1, '2024-07-16 23:05:27', '2024-07-16 23:05:27'),
(168, 20, 'test', 4, 1, 1, '2024-07-16 23:05:28', '2024-07-16 23:05:28'),
(169, 20, 'test', 4, 1, 1, '2024-07-16 23:05:30', '2024-07-16 23:05:30'),
(170, 20, 'test', 4, 1, 1, '2024-07-16 23:05:31', '2024-07-16 23:05:31'),
(171, 20, 'test', 4, 1, 1, '2024-07-16 23:05:33', '2024-07-16 23:05:33'),
(172, 20, 'test', 4, 1, 1, '2024-07-16 23:05:34', '2024-07-16 23:05:34'),
(173, 20, 'test', 4, 1, 1, '2024-07-16 23:05:36', '2024-07-16 23:05:36'),
(174, 20, 'test', 4, 1, 1, '2024-07-16 23:05:37', '2024-07-16 23:05:37'),
(175, 20, 'test', 4, 1, 1, '2024-07-16 23:05:39', '2024-07-16 23:05:39'),
(176, 20, 'test', 4, 1, 1, '2024-07-16 23:05:40', '2024-07-16 23:05:40'),
(177, 20, 'test', 4, 1, 1, '2024-07-16 23:05:41', '2024-07-16 23:05:41'),
(178, 20, 'test', 4, 1, 1, '2024-07-16 23:05:43', '2024-07-16 23:05:43'),
(179, 20, 'test', 4, 1, 1, '2024-07-16 23:05:44', '2024-07-16 23:05:44'),
(180, 20, 'test', 4, 1, 1, '2024-07-16 23:05:46', '2024-07-16 23:05:46'),
(181, 20, 'test', 4, 1, 1, '2024-07-16 23:05:47', '2024-07-16 23:05:47'),
(182, 20, 'test', 4, 1, 1, '2024-07-16 23:05:49', '2024-07-16 23:05:49'),
(183, 20, 'test', 4, 1, 1, '2024-07-16 23:05:50', '2024-07-16 23:05:50'),
(184, 20, 'test', 4, 1, 1, '2024-07-16 23:05:52', '2024-07-16 23:05:52'),
(185, 20, 'test', 4, 1, 1, '2024-07-16 23:05:53', '2024-07-16 23:05:53'),
(186, 20, 'test', 4, 1, 1, '2024-07-16 23:05:55', '2024-07-16 23:05:55'),
(187, 20, 'test', 4, 1, 1, '2024-07-16 23:05:57', '2024-07-16 23:05:57'),
(188, 20, 'test', 4, 1, 1, '2024-07-16 23:05:58', '2024-07-16 23:05:58'),
(189, 20, 'test', 4, 1, 1, '2024-07-16 23:05:59', '2024-07-16 23:05:59'),
(190, 20, 'test', 4, 1, 1, '2024-07-16 23:06:01', '2024-07-16 23:06:01'),
(191, 20, 'test', 4, 1, 1, '2024-07-16 23:06:03', '2024-07-16 23:06:03'),
(192, 20, 'test', 4, 1, 1, '2024-07-16 23:06:04', '2024-07-16 23:06:04'),
(193, 20, 'test', 4, 1, 1, '2024-07-16 23:06:06', '2024-07-16 23:06:06'),
(194, 20, 'test', 4, 1, 1, '2024-07-16 23:06:08', '2024-07-16 23:06:08'),
(195, 20, 'test', 4, 1, 1, '2024-07-16 23:06:10', '2024-07-16 23:06:10'),
(196, 20, 'test', 4, 1, 1, '2024-07-16 23:06:11', '2024-07-16 23:06:11'),
(197, 20, 'test', 4, 1, 1, '2024-07-16 23:06:13', '2024-07-16 23:06:13'),
(198, 20, 'test', 4, 1, 1, '2024-07-16 23:06:15', '2024-07-16 23:06:15'),
(199, 20, 'test', 4, 1, 1, '2024-07-16 23:06:16', '2024-07-16 23:06:16'),
(200, 20, 'test', 4, 1, 1, '2024-07-16 23:06:18', '2024-07-16 23:06:18'),
(201, 20, 'test', 4, 1, 1, '2024-07-16 23:06:19', '2024-07-16 23:06:19'),
(202, 20, 'test', 4, 1, 1, '2024-07-16 23:06:22', '2024-07-16 23:06:22'),
(203, 20, 'test', 4, 1, 1, '2024-07-16 23:06:24', '2024-07-16 23:06:24'),
(204, 20, 'test', 4, 1, 1, '2024-07-16 23:06:25', '2024-07-16 23:06:25'),
(205, 20, 'test', 4, 1, 1, '2024-07-16 23:06:27', '2024-07-16 23:06:27'),
(206, 20, 'test', 4, 1, 1, '2024-07-16 23:06:29', '2024-07-16 23:06:29'),
(207, 20, 'test', 4, 1, 1, '2024-07-16 23:06:30', '2024-07-16 23:06:30'),
(208, 20, 'test', 4, 1, 1, '2024-07-16 23:06:32', '2024-07-16 23:06:32'),
(209, 20, 'test', 4, 1, 1, '2024-07-16 23:06:34', '2024-07-16 23:06:34'),
(210, 20, 'test', 4, 1, 1, '2024-07-16 23:06:36', '2024-07-16 23:06:36'),
(211, 20, 'test', 4, 1, 1, '2024-07-16 23:06:38', '2024-07-16 23:06:38'),
(212, 20, 'test', 4, 1, 1, '2024-07-16 23:06:43', '2024-07-16 23:06:43'),
(213, 20, 'test', 4, 1, 1, '2024-07-16 23:06:45', '2024-07-16 23:06:45'),
(214, 20, 'test', 4, 1, 1, '2024-07-16 23:06:46', '2024-07-16 23:06:46'),
(215, 20, 'test', 4, 1, 1, '2024-07-16 23:06:48', '2024-07-16 23:06:48'),
(216, 20, 'test', 4, 1, 1, '2024-07-16 23:06:50', '2024-07-16 23:06:50'),
(217, 20, 'test', 4, 1, 1, '2024-07-16 23:06:53', '2024-07-16 23:06:53'),
(218, 20, 'test', 4, 1, 1, '2024-07-16 23:06:55', '2024-07-16 23:06:55'),
(219, 20, 'test', 4, 1, 1, '2024-07-16 23:06:57', '2024-07-16 23:06:57'),
(220, 20, 'test', 4, 1, 1, '2024-07-16 23:06:59', '2024-07-16 23:06:59'),
(221, 20, 'test', 4, 1, 1, '2024-07-16 23:07:02', '2024-07-16 23:07:02'),
(222, 20, 'test', 4, 1, 1, '2024-07-16 23:07:04', '2024-07-16 23:07:04'),
(223, 20, 'test', 4, 1, 1, '2024-07-16 23:07:06', '2024-07-16 23:07:06'),
(224, 20, 'test', 4, 1, 1, '2024-07-16 23:07:09', '2024-07-16 23:07:09'),
(225, 20, 'test', 4, 1, 1, '2024-07-16 23:07:11', '2024-07-16 23:07:11'),
(226, 20, 'test', 4, 1, 1, '2024-07-16 23:07:14', '2024-07-16 23:07:14'),
(227, 20, 'test', 4, 1, 1, '2024-07-16 23:07:17', '2024-07-16 23:07:17'),
(228, 20, 'test', 4, 1, 1, '2024-07-16 23:07:20', '2024-07-16 23:07:20'),
(229, 20, 'test', 4, 1, 1, '2024-07-16 23:07:22', '2024-07-16 23:07:22'),
(230, 20, 'test', 4, 1, 1, '2024-07-16 23:07:25', '2024-07-16 23:07:25'),
(231, 20, 'test', 4, 1, 1, '2024-07-16 23:07:28', '2024-07-16 23:07:28'),
(232, 20, 'test', 4, 1, 1, '2024-07-16 23:07:30', '2024-07-16 23:07:30'),
(233, 20, 'test', 4, 1, 1, '2024-07-16 23:07:33', '2024-07-16 23:07:33'),
(234, 20, 'test', 4, 1, 1, '2024-07-16 23:07:36', '2024-07-16 23:07:36'),
(235, 20, 'test', 4, 1, 1, '2024-07-16 23:07:39', '2024-07-16 23:07:39'),
(236, 20, 'test', 4, 1, 1, '2024-07-16 23:07:41', '2024-07-16 23:07:41'),
(237, 20, 'test', 4, 1, 1, '2024-07-16 23:07:44', '2024-07-16 23:07:44'),
(238, 20, 'test', 4, 1, 1, '2024-07-16 23:07:47', '2024-07-16 23:07:47'),
(239, 20, 'test', 4, 1, 1, '2024-07-16 23:07:49', '2024-07-16 23:07:49'),
(240, 20, 'test', 4, 1, 1, '2024-07-16 23:07:52', '2024-07-16 23:07:52'),
(241, 20, 'test', 4, 1, 1, '2024-07-16 23:07:55', '2024-07-16 23:07:55'),
(242, 20, 'test', 4, 1, 1, '2024-07-16 23:07:57', '2024-07-16 23:07:57'),
(243, 20, 'test', 4, 1, 1, '2024-07-16 23:08:00', '2024-07-16 23:08:00'),
(244, 20, 'test', 4, 1, 1, '2024-07-16 23:08:03', '2024-07-16 23:08:03'),
(245, 20, 'test', 4, 1, 1, '2024-07-16 23:08:06', '2024-07-16 23:08:06'),
(246, 20, 'test', 4, 1, 1, '2024-07-16 23:08:08', '2024-07-16 23:08:08'),
(247, 20, 'test', 4, 1, 1, '2024-07-16 23:08:11', '2024-07-16 23:08:11'),
(248, 20, 'test', 4, 1, 1, '2024-07-16 23:08:14', '2024-07-16 23:08:14'),
(249, 20, 'test', 4, 1, 1, '2024-07-16 23:08:16', '2024-07-16 23:08:16'),
(250, 20, 'test', 4, 1, 1, '2024-07-16 23:08:19', '2024-07-16 23:08:19'),
(251, 20, 'test', 4, 1, 1, '2024-07-16 23:08:22', '2024-07-16 23:08:22'),
(252, 20, 'test', 4, 1, 1, '2024-07-16 23:08:25', '2024-07-16 23:08:25'),
(253, 20, 'test', 4, 1, 1, '2024-07-16 23:08:27', '2024-07-16 23:08:27'),
(254, 20, 'test', 4, 1, 1, '2024-07-16 23:08:30', '2024-07-16 23:08:30'),
(255, 20, 'test', 4, 1, 1, '2024-07-16 23:08:33', '2024-07-16 23:08:33'),
(256, 20, 'test', 4, 1, 1, '2024-07-16 23:08:36', '2024-07-16 23:08:36'),
(257, 20, 'test', 4, 1, 1, '2024-07-16 23:08:38', '2024-07-16 23:08:38'),
(258, 20, 'test', 4, 1, 1, '2024-07-16 23:08:41', '2024-07-16 23:08:41'),
(259, 20, 'test', 4, 1, 1, '2024-07-16 23:08:44', '2024-07-16 23:08:44'),
(260, 20, 'test', 4, 1, 1, '2024-07-16 23:08:46', '2024-07-16 23:08:46'),
(261, 20, 'test', 4, 1, 1, '2024-07-16 23:08:49', '2024-07-16 23:08:49'),
(262, 20, 'test', 4, 1, 1, '2024-07-16 23:08:52', '2024-07-16 23:08:52'),
(263, 20, 'test', 4, 1, 1, '2024-07-16 23:08:55', '2024-07-16 23:08:55'),
(264, 20, 'test', 4, 1, 1, '2024-07-16 23:08:57', '2024-07-16 23:08:57'),
(265, 20, 'test', 4, 1, 1, '2024-07-16 23:09:00', '2024-07-16 23:09:00'),
(266, 20, 'test', 4, 1, 1, '2024-07-16 23:09:03', '2024-07-16 23:09:03'),
(267, 20, 'test', 4, 1, 1, '2024-07-16 23:09:06', '2024-07-16 23:09:06'),
(268, 20, 'test', 4, 1, 1, '2024-07-16 23:09:09', '2024-07-16 23:09:09'),
(269, 20, 'test', 4, 1, 1, '2024-07-16 23:09:13', '2024-07-16 23:09:13'),
(270, 20, 'test', 4, 1, 1, '2024-07-16 23:09:17', '2024-07-16 23:09:17'),
(271, 20, 'test', 4, 1, 1, '2024-07-16 23:09:21', '2024-07-16 23:09:21'),
(272, 20, 'test', 4, 1, 1, '2024-07-16 23:09:27', '2024-07-16 23:09:27'),
(273, 20, 'test', 4, 1, 1, '2024-07-16 23:09:34', '2024-07-16 23:09:34'),
(274, 20, 'test', 4, 1, 1, '2024-07-16 23:09:36', '2024-07-16 23:09:36'),
(275, 20, 'test', 4, 1, 1, '2024-07-16 23:09:40', '2024-07-16 23:09:40'),
(276, 20, 'test', 4, 1, 1, '2024-07-16 23:09:43', '2024-07-16 23:09:43'),
(277, 20, 'test', 4, 1, 1, '2024-07-16 23:09:47', '2024-07-16 23:09:47'),
(278, 20, 'test', 4, 1, 1, '2024-07-16 23:09:49', '2024-07-16 23:09:49'),
(279, 20, 'test', 4, 1, 1, '2024-07-16 23:09:54', '2024-07-16 23:09:54'),
(280, 20, 'test', 4, 1, 1, '2024-07-16 23:09:56', '2024-07-16 23:09:56'),
(281, 20, 'test', 4, 1, 1, '2024-07-16 23:09:59', '2024-07-16 23:09:59'),
(282, 20, 'test', 4, 1, 1, '2024-07-16 23:10:02', '2024-07-16 23:10:02'),
(283, 20, 'test', 4, 1, 1, '2024-07-16 23:10:08', '2024-07-16 23:10:08'),
(284, 20, 'test', 4, 1, 1, '2024-07-16 23:10:10', '2024-07-16 23:10:10'),
(285, 20, 'test', 4, 1, 1, '2024-07-16 23:10:16', '2024-07-16 23:10:16'),
(286, 20, 'test', 4, 1, 1, '2024-07-16 23:10:19', '2024-07-16 23:10:19'),
(287, 20, 'test', 4, 1, 1, '2024-07-16 23:10:27', '2024-07-16 23:10:27'),
(288, 20, 'test', 4, 1, 1, '2024-07-16 23:10:29', '2024-07-16 23:10:29'),
(289, 20, 'test', 4, 1, 1, '2024-07-16 23:10:37', '2024-07-16 23:10:37'),
(290, 20, 'test', 4, 1, 1, '2024-07-16 23:10:40', '2024-07-16 23:10:40'),
(291, 20, 'test', 4, 1, 1, '2024-07-16 23:10:43', '2024-07-16 23:10:43'),
(292, 20, 'test', 4, 1, 1, '2024-07-16 23:10:52', '2024-07-16 23:10:52'),
(293, 20, 'test', 4, 1, 1, '2024-07-16 23:10:55', '2024-07-16 23:10:55'),
(294, 20, 'test', 4, 1, 1, '2024-07-16 23:11:02', '2024-07-16 23:11:02'),
(295, 20, 'test', 4, 1, 1, '2024-07-16 23:11:04', '2024-07-16 23:11:04'),
(296, 20, 'test', 4, 1, 1, '2024-07-16 23:11:10', '2024-07-16 23:11:10'),
(297, 20, 'test', 4, 1, 1, '2024-07-16 23:11:18', '2024-07-16 23:11:18'),
(298, 20, 'test', 4, 1, 1, '2024-07-16 23:11:25', '2024-07-16 23:11:25'),
(299, 20, 'test', 4, 1, 1, '2024-07-16 23:11:26', '2024-07-16 23:11:26'),
(300, 20, 'test', 4, 1, 1, '2024-07-16 23:11:30', '2024-07-16 23:11:30'),
(301, 20, 'test', 4, 1, 1, '2024-07-16 23:11:39', '2024-07-16 23:11:39'),
(302, 20, 'test', 4, 1, 1, '2024-07-16 23:11:45', '2024-07-16 23:11:45'),
(303, 20, 'test', 4, 1, 1, '2024-07-16 23:11:52', '2024-07-16 23:11:52'),
(304, 20, 'test', 4, 1, 1, '2024-07-16 23:11:56', '2024-07-16 23:11:56'),
(305, 20, 'test', 4, 1, 1, '2024-07-16 23:12:04', '2024-07-16 23:12:04'),
(306, 20, 'test', 4, 1, 1, '2024-07-16 23:12:10', '2024-07-16 23:12:10'),
(307, 20, 'test', 4, 1, 1, '2024-07-16 23:12:18', '2024-07-16 23:12:18'),
(308, 20, 'test', 4, 1, 1, '2024-07-16 23:12:22', '2024-07-16 23:12:22'),
(309, 20, 'test', 4, 1, 1, '2024-07-16 23:12:30', '2024-07-16 23:12:30'),
(310, 20, 'test', 4, 1, 1, '2024-07-16 23:12:34', '2024-07-16 23:12:34'),
(311, 20, 'test', 4, 1, 1, '2024-07-16 23:12:42', '2024-07-16 23:12:42'),
(312, 20, 'test', 4, 1, 1, '2024-07-16 23:12:49', '2024-07-16 23:12:49'),
(313, 20, 'test', 4, 1, 1, '2024-07-16 23:12:55', '2024-07-16 23:12:55'),
(314, 20, 'test', 4, 1, 1, '2024-07-16 23:13:04', '2024-07-16 23:13:04'),
(315, 20, 'test', 4, 1, 1, '2024-07-16 23:13:09', '2024-07-16 23:13:09'),
(316, 20, 'test', 4, 1, 1, '2024-07-16 23:13:17', '2024-07-16 23:13:17'),
(317, 20, 'test', 4, 1, 1, '2024-07-16 23:13:24', '2024-07-16 23:13:24'),
(318, 20, 'test', 4, 1, 1, '2024-07-16 23:13:32', '2024-07-16 23:13:32'),
(319, 20, 'test', 4, 1, 1, '2024-07-16 23:13:40', '2024-07-16 23:13:40'),
(320, 20, 'test', 4, 1, 1, '2024-07-16 23:13:49', '2024-07-16 23:13:49'),
(321, 20, 'test', 4, 1, 1, '2024-07-16 23:13:57', '2024-07-16 23:13:57'),
(322, 20, 'test', 4, 1, 1, '2024-07-16 23:14:05', '2024-07-16 23:14:05'),
(323, 1, 'test', 2, 1, 5, '2024-07-16 23:15:07', '2024-07-16 23:15:07'),
(324, 1, 'test', 2, 1, 5, '2024-07-16 23:15:09', '2024-07-16 23:15:09'),
(325, 1, 'test', 2, 1, 5, '2024-07-16 23:16:11', '2024-07-16 23:16:11'),
(326, 1, 'test', 2, 1, 5, '2024-07-16 23:16:46', '2024-07-16 23:16:46'),
(327, 1, 'test', 2, 1, 5, '2024-07-16 23:17:12', '2024-07-16 23:17:12'),
(328, 1, 'test', 2, 1, 5, '2024-07-16 23:17:15', '2024-07-16 23:17:15'),
(329, 1, 'test', 2, 1, 5, '2024-07-16 23:17:16', '2024-07-16 23:17:16'),
(330, 1, 'test', 2, 1, 5, '2024-07-16 23:18:36', '2024-07-16 23:18:36'),
(331, 1, 'test', 2, 1, 5, '2024-07-16 23:19:15', '2024-07-16 23:19:15'),
(332, 1, 'test', 2, 1, 5, '2024-07-16 23:19:31', '2024-07-16 23:19:31'),
(333, 1, 'test', 2, 1, 5, '2024-07-16 23:21:34', '2024-07-16 23:21:34'),
(334, 1, 'test', 2, 1, 5, '2024-07-16 23:21:35', '2024-07-16 23:21:35'),
(335, 1, 'test', 2, 1, 5, '2024-07-16 23:21:37', '2024-07-16 23:21:37'),
(336, 1, 'test', 2, 1, 5, '2024-07-16 23:21:38', '2024-07-16 23:21:38'),
(337, 1, 'test', 2, 1, 5, '2024-07-16 23:21:40', '2024-07-16 23:21:40'),
(338, 1, 'test', 2, 1, 5, '2024-07-16 23:21:41', '2024-07-16 23:21:41'),
(339, 21, 'test', 4, 1, 1, '2024-07-16 23:22:21', '2024-07-16 23:22:21'),
(340, 21, 'test', 4, 1, 1, '2024-07-16 23:22:23', '2024-07-16 23:22:23'),
(341, 21, 'test', 4, 1, 1, '2024-07-16 23:22:24', '2024-07-16 23:22:24'),
(342, 21, 'test', 4, 1, 1, '2024-07-16 23:22:25', '2024-07-16 23:22:25'),
(343, 21, 'test', 4, 1, 1, '2024-07-16 23:22:27', '2024-07-16 23:22:27'),
(344, 21, 'test', 4, 1, 1, '2024-07-16 23:22:28', '2024-07-16 23:22:28'),
(345, 21, 'test', 4, 1, 1, '2024-07-16 23:22:29', '2024-07-16 23:22:29'),
(346, 21, 'test', 4, 1, 1, '2024-07-16 23:22:31', '2024-07-16 23:22:31'),
(347, 21, 'test', 4, 1, 1, '2024-07-16 23:22:33', '2024-07-16 23:22:33'),
(348, 21, 'test', 4, 1, 1, '2024-07-16 23:22:35', '2024-07-16 23:22:35'),
(349, 21, 'test', 4, 1, 1, '2024-07-16 23:22:37', '2024-07-16 23:22:37'),
(350, 21, 'test', 4, 1, 1, '2024-07-16 23:22:39', '2024-07-16 23:22:39'),
(351, 21, 'test', 4, 1, 1, '2024-07-16 23:22:41', '2024-07-16 23:22:41'),
(352, 21, 'test', 4, 1, 1, '2024-07-16 23:22:43', '2024-07-16 23:22:43'),
(353, 21, 'test', 4, 1, 1, '2024-07-16 23:22:45', '2024-07-16 23:22:45'),
(354, 21, 'test', 4, 1, 1, '2024-07-16 23:22:47', '2024-07-16 23:22:47'),
(355, 21, 'test', 4, 1, 1, '2024-07-16 23:22:49', '2024-07-16 23:22:49'),
(356, 21, 'test', 4, 1, 1, '2024-07-16 23:22:51', '2024-07-16 23:22:51'),
(357, 21, 'test', 4, 1, 1, '2024-07-16 23:22:53', '2024-07-16 23:22:53'),
(358, 21, 'test', 4, 1, 1, '2024-07-16 23:22:55', '2024-07-16 23:22:55'),
(359, 21, 'test', 4, 1, 1, '2024-07-16 23:22:57', '2024-07-16 23:22:57'),
(360, 21, 'test', 4, 1, 1, '2024-07-16 23:22:59', '2024-07-16 23:22:59'),
(361, 21, 'test', 4, 1, 1, '2024-07-16 23:23:01', '2024-07-16 23:23:01'),
(362, 21, 'test', 4, 1, 1, '2024-07-16 23:23:03', '2024-07-16 23:23:03'),
(363, 21, 'test', 4, 1, 1, '2024-07-16 23:23:05', '2024-07-16 23:23:05'),
(364, 21, 'test', 4, 1, 1, '2024-07-16 23:23:07', '2024-07-16 23:23:07'),
(365, 21, 'test', 4, 1, 1, '2024-07-16 23:23:09', '2024-07-16 23:23:09'),
(366, 21, 'test', 4, 1, 1, '2024-07-16 23:23:11', '2024-07-16 23:23:11'),
(367, 21, 'test', 4, 1, 1, '2024-07-16 23:23:13', '2024-07-16 23:23:13'),
(368, 21, 'test', 4, 1, 1, '2024-07-16 23:23:15', '2024-07-16 23:23:15'),
(369, 21, 'test', 4, 1, 1, '2024-07-16 23:23:17', '2024-07-16 23:23:17'),
(370, 21, 'test', 4, 1, 1, '2024-07-16 23:23:19', '2024-07-16 23:23:19'),
(371, 21, 'test', 4, 1, 1, '2024-07-16 23:23:21', '2024-07-16 23:23:21'),
(372, 21, 'test', 4, 1, 1, '2024-07-16 23:23:23', '2024-07-16 23:23:23'),
(373, 21, 'test', 4, 1, 1, '2024-07-16 23:23:25', '2024-07-16 23:23:25'),
(374, 21, 'test', 4, 1, 1, '2024-07-16 23:23:27', '2024-07-16 23:23:27'),
(375, 21, 'test', 4, 1, 1, '2024-07-16 23:23:28', '2024-07-16 23:23:28'),
(376, 21, 'test', 4, 1, 1, '2024-07-16 23:23:30', '2024-07-16 23:23:30'),
(377, 21, 'test', 4, 1, 1, '2024-07-16 23:23:31', '2024-07-16 23:23:31'),
(378, 21, 'test', 4, 1, 1, '2024-07-16 23:23:33', '2024-07-16 23:23:33'),
(379, 21, 'test', 4, 1, 1, '2024-07-16 23:23:34', '2024-07-16 23:23:34'),
(380, 21, 'test', 4, 1, 1, '2024-07-16 23:23:35', '2024-07-16 23:23:35'),
(381, 21, 'test', 4, 1, 1, '2024-07-16 23:23:37', '2024-07-16 23:23:37'),
(382, 21, 'test', 4, 1, 1, '2024-07-16 23:23:39', '2024-07-16 23:23:39'),
(383, 21, 'test', 4, 1, 1, '2024-07-16 23:23:40', '2024-07-16 23:23:40'),
(384, 21, 'test', 4, 1, 1, '2024-07-16 23:23:42', '2024-07-16 23:23:42'),
(385, 21, 'test', 4, 1, 1, '2024-07-16 23:23:43', '2024-07-16 23:23:43'),
(386, 21, 'test', 4, 1, 1, '2024-07-16 23:23:45', '2024-07-16 23:23:45'),
(387, 21, 'test', 4, 1, 1, '2024-07-16 23:23:47', '2024-07-16 23:23:47'),
(388, 21, 'test', 4, 1, 1, '2024-07-16 23:23:48', '2024-07-16 23:23:48'),
(389, 21, 'test', 4, 1, 1, '2024-07-16 23:23:50', '2024-07-16 23:23:50'),
(390, 21, 'test', 4, 1, 1, '2024-07-16 23:23:51', '2024-07-16 23:23:51'),
(391, 21, 'test', 4, 1, 1, '2024-07-16 23:23:53', '2024-07-16 23:23:53'),
(392, 21, 'test', 4, 1, 1, '2024-07-16 23:23:54', '2024-07-16 23:23:54'),
(393, 21, 'test', 4, 1, 1, '2024-07-16 23:23:55', '2024-07-16 23:23:55'),
(394, 21, 'test', 4, 1, 1, '2024-07-16 23:23:57', '2024-07-16 23:23:57'),
(395, 21, 'test', 4, 1, 1, '2024-07-16 23:23:58', '2024-07-16 23:23:58'),
(396, 21, 'test', 4, 1, 1, '2024-07-16 23:24:00', '2024-07-16 23:24:00'),
(397, 21, 'test', 4, 1, 1, '2024-07-16 23:24:01', '2024-07-16 23:24:01'),
(398, 21, 'test', 4, 1, 1, '2024-07-16 23:24:03', '2024-07-16 23:24:03'),
(399, 21, 'test', 4, 1, 1, '2024-07-16 23:24:05', '2024-07-16 23:24:05'),
(400, 21, 'test', 4, 1, 1, '2024-07-16 23:24:06', '2024-07-16 23:24:06'),
(401, 21, 'test', 4, 1, 1, '2024-07-16 23:24:08', '2024-07-16 23:24:08'),
(402, 21, 'test', 4, 1, 1, '2024-07-16 23:24:09', '2024-07-16 23:24:09'),
(403, 21, 'test', 4, 1, 1, '2024-07-16 23:24:11', '2024-07-16 23:24:11'),
(404, 21, 'test', 4, 1, 1, '2024-07-16 23:24:12', '2024-07-16 23:24:12'),
(405, 21, 'test', 4, 1, 1, '2024-07-16 23:24:14', '2024-07-16 23:24:14'),
(406, 21, 'test', 4, 1, 1, '2024-07-16 23:24:15', '2024-07-16 23:24:15'),
(407, 21, 'test', 4, 1, 1, '2024-07-16 23:24:17', '2024-07-16 23:24:17'),
(408, 21, 'test', 4, 1, 1, '2024-07-16 23:24:19', '2024-07-16 23:24:19'),
(409, 21, 'test', 4, 1, 1, '2024-07-16 23:24:20', '2024-07-16 23:24:20'),
(410, 21, 'test', 4, 1, 1, '2024-07-16 23:24:22', '2024-07-16 23:24:22'),
(411, 21, 'test', 4, 1, 1, '2024-07-16 23:24:23', '2024-07-16 23:24:23'),
(412, 21, 'test', 4, 1, 1, '2024-07-16 23:24:24', '2024-07-16 23:24:24'),
(413, 21, 'test', 4, 1, 1, '2024-07-16 23:24:26', '2024-07-16 23:24:26'),
(414, 21, 'test', 4, 1, 1, '2024-07-16 23:24:27', '2024-07-16 23:24:27'),
(415, 21, 'test', 4, 1, 1, '2024-07-16 23:24:29', '2024-07-16 23:24:29'),
(416, 21, 'test', 4, 1, 1, '2024-07-16 23:24:30', '2024-07-16 23:24:30'),
(417, 21, 'test', 4, 1, 1, '2024-07-16 23:24:32', '2024-07-16 23:24:32'),
(418, 21, 'test', 4, 1, 1, '2024-07-16 23:24:34', '2024-07-16 23:24:34'),
(419, 21, 'test', 4, 1, 1, '2024-07-16 23:24:35', '2024-07-16 23:24:35'),
(420, 21, 'test', 4, 1, 1, '2024-07-16 23:24:37', '2024-07-16 23:24:37'),
(421, 21, 'test', 4, 1, 1, '2024-07-16 23:24:38', '2024-07-16 23:24:38'),
(422, 21, 'test', 4, 1, 1, '2024-07-16 23:24:39', '2024-07-16 23:24:39'),
(423, 21, 'test', 4, 1, 1, '2024-07-16 23:24:41', '2024-07-16 23:24:41'),
(424, 21, 'test', 4, 1, 1, '2024-07-16 23:24:42', '2024-07-16 23:24:42'),
(425, 21, 'test', 4, 1, 1, '2024-07-16 23:24:44', '2024-07-16 23:24:44'),
(426, 21, 'test', 4, 1, 1, '2024-07-16 23:24:45', '2024-07-16 23:24:45'),
(427, 21, 'test', 4, 1, 1, '2024-07-16 23:24:47', '2024-07-16 23:24:47'),
(428, 21, 'test', 4, 1, 1, '2024-07-16 23:24:48', '2024-07-16 23:24:48'),
(429, 21, 'test', 4, 1, 1, '2024-07-16 23:24:51', '2024-07-16 23:24:51'),
(430, 21, 'test', 4, 1, 1, '2024-07-16 23:24:52', '2024-07-16 23:24:52'),
(431, 21, 'test', 4, 1, 1, '2024-07-16 23:24:54', '2024-07-16 23:24:54'),
(432, 21, 'test', 4, 1, 1, '2024-07-16 23:24:56', '2024-07-16 23:24:56'),
(433, 21, 'test', 4, 1, 1, '2024-07-16 23:24:57', '2024-07-16 23:24:57'),
(434, 21, 'test', 4, 1, 1, '2024-07-16 23:24:59', '2024-07-16 23:24:59'),
(435, 21, 'test', 4, 1, 1, '2024-07-16 23:25:01', '2024-07-16 23:25:01'),
(436, 21, 'test', 4, 1, 1, '2024-07-16 23:25:02', '2024-07-16 23:25:02'),
(437, 21, 'test', 4, 1, 1, '2024-07-16 23:25:04', '2024-07-16 23:25:04'),
(438, 21, 'test', 4, 1, 1, '2024-07-16 23:25:06', '2024-07-16 23:25:06'),
(439, 21, 'test', 4, 1, 1, '2024-07-16 23:25:07', '2024-07-16 23:25:07'),
(440, 21, 'test', 4, 1, 1, '2024-07-16 23:25:09', '2024-07-16 23:25:09'),
(441, 21, 'test', 4, 1, 1, '2024-07-16 23:25:11', '2024-07-16 23:25:11'),
(442, 21, 'test', 4, 1, 1, '2024-07-16 23:25:13', '2024-07-16 23:25:13'),
(443, 21, 'test', 4, 1, 1, '2024-07-16 23:25:15', '2024-07-16 23:25:15'),
(444, 21, 'test', 4, 1, 1, '2024-07-16 23:25:16', '2024-07-16 23:25:16'),
(445, 21, 'test', 4, 1, 1, '2024-07-16 23:25:18', '2024-07-16 23:25:18'),
(446, 21, 'test', 4, 1, 1, '2024-07-16 23:25:20', '2024-07-16 23:25:20'),
(447, 21, 'test', 4, 1, 1, '2024-07-16 23:25:21', '2024-07-16 23:25:21'),
(448, 21, 'test', 4, 1, 1, '2024-07-16 23:25:23', '2024-07-16 23:25:23'),
(449, 21, 'test', 4, 1, 1, '2024-07-16 23:25:25', '2024-07-16 23:25:25'),
(450, 21, 'test', 4, 1, 1, '2024-07-16 23:25:27', '2024-07-16 23:25:27'),
(451, 21, 'test', 4, 1, 1, '2024-07-16 23:25:29', '2024-07-16 23:25:29'),
(452, 21, 'test', 4, 1, 1, '2024-07-16 23:25:31', '2024-07-16 23:25:31'),
(453, 21, 'test', 4, 1, 1, '2024-07-16 23:25:34', '2024-07-16 23:25:34'),
(454, 21, 'test', 4, 1, 1, '2024-07-16 23:25:35', '2024-07-16 23:25:35'),
(455, 21, 'test', 4, 1, 1, '2024-07-16 23:25:37', '2024-07-16 23:25:37'),
(456, 21, 'test', 4, 1, 1, '2024-07-16 23:25:38', '2024-07-16 23:25:38'),
(457, 21, 'test', 4, 1, 1, '2024-07-16 23:25:40', '2024-07-16 23:25:40'),
(458, 21, 'test', 4, 1, 1, '2024-07-16 23:25:43', '2024-07-16 23:25:43'),
(459, 21, 'test', 4, 1, 1, '2024-07-16 23:25:44', '2024-07-16 23:25:44'),
(460, 21, 'test', 4, 1, 1, '2024-07-16 23:25:46', '2024-07-16 23:25:46'),
(461, 21, 'test', 4, 1, 1, '2024-07-16 23:25:48', '2024-07-16 23:25:48'),
(462, 21, 'test', 4, 1, 1, '2024-07-16 23:25:51', '2024-07-16 23:25:51'),
(463, 21, 'test', 4, 1, 1, '2024-07-16 23:25:53', '2024-07-16 23:25:53'),
(464, 21, 'test', 4, 1, 1, '2024-07-16 23:25:54', '2024-07-16 23:25:54'),
(465, 21, 'test', 4, 1, 1, '2024-07-16 23:25:57', '2024-07-16 23:25:57'),
(466, 21, 'test', 4, 1, 1, '2024-07-16 23:25:59', '2024-07-16 23:25:59'),
(467, 21, 'test', 4, 1, 1, '2024-07-16 23:26:02', '2024-07-16 23:26:02'),
(468, 21, 'test', 4, 1, 1, '2024-07-16 23:26:05', '2024-07-16 23:26:05'),
(469, 21, 'test', 4, 1, 1, '2024-07-16 23:26:07', '2024-07-16 23:26:07'),
(470, 21, 'test', 4, 1, 1, '2024-07-16 23:26:11', '2024-07-16 23:26:11'),
(471, 21, 'test', 4, 1, 1, '2024-07-16 23:26:13', '2024-07-16 23:26:13'),
(472, 21, 'test', 4, 1, 1, '2024-07-16 23:26:17', '2024-07-16 23:26:17'),
(473, 21, 'test', 4, 1, 1, '2024-07-16 23:26:19', '2024-07-16 23:26:19'),
(474, 21, 'test', 4, 1, 1, '2024-07-16 23:26:22', '2024-07-16 23:26:22'),
(475, 21, 'test', 4, 1, 1, '2024-07-16 23:26:25', '2024-07-16 23:26:25'),
(476, 21, 'test', 4, 1, 1, '2024-07-16 23:26:27', '2024-07-16 23:26:27'),
(477, 21, 'test', 4, 1, 1, '2024-07-16 23:26:30', '2024-07-16 23:26:30'),
(478, 21, 'test', 4, 1, 1, '2024-07-16 23:26:33', '2024-07-16 23:26:33'),
(479, 21, 'test', 4, 1, 1, '2024-07-16 23:26:35', '2024-07-16 23:26:35'),
(480, 21, 'test', 4, 1, 1, '2024-07-16 23:26:38', '2024-07-16 23:26:38'),
(481, 21, 'test', 4, 1, 1, '2024-07-16 23:26:41', '2024-07-16 23:26:41'),
(482, 21, 'test', 4, 1, 1, '2024-07-16 23:26:44', '2024-07-16 23:26:44'),
(483, 21, 'test', 4, 1, 1, '2024-07-16 23:26:46', '2024-07-16 23:26:46'),
(484, 21, 'test', 4, 1, 1, '2024-07-16 23:26:49', '2024-07-16 23:26:49'),
(485, 21, 'test', 4, 1, 1, '2024-07-16 23:26:52', '2024-07-16 23:26:52'),
(486, 21, 'test', 4, 1, 1, '2024-07-16 23:26:55', '2024-07-16 23:26:55'),
(487, 21, 'test', 4, 1, 1, '2024-07-16 23:26:57', '2024-07-16 23:26:57'),
(488, 21, 'test', 4, 1, 1, '2024-07-16 23:27:00', '2024-07-16 23:27:00'),
(489, 21, 'test', 4, 1, 1, '2024-07-16 23:27:03', '2024-07-16 23:27:03'),
(490, 21, 'test', 4, 1, 1, '2024-07-16 23:27:06', '2024-07-16 23:27:06'),
(491, 21, 'test', 4, 1, 1, '2024-07-16 23:27:08', '2024-07-16 23:27:08'),
(492, 21, 'test', 4, 1, 1, '2024-07-16 23:27:11', '2024-07-16 23:27:11'),
(493, 21, 'test', 4, 1, 1, '2024-07-16 23:27:14', '2024-07-16 23:27:14'),
(494, 21, 'test', 4, 1, 1, '2024-07-16 23:27:16', '2024-07-16 23:27:16'),
(495, 21, 'test', 4, 1, 1, '2024-07-16 23:27:19', '2024-07-16 23:27:19'),
(496, 21, 'test', 4, 1, 1, '2024-07-16 23:27:22', '2024-07-16 23:27:22'),
(497, 21, 'test', 4, 1, 1, '2024-07-16 23:27:24', '2024-07-16 23:27:24'),
(498, 21, 'test', 4, 1, 1, '2024-07-16 23:27:27', '2024-07-16 23:27:27'),
(499, 21, 'test', 4, 1, 1, '2024-07-16 23:27:30', '2024-07-16 23:27:30'),
(500, 21, 'test', 4, 1, 1, '2024-07-16 23:27:32', '2024-07-16 23:27:32'),
(501, 1, 'test', 2, 1, 5, '2024-07-16 23:31:25', '2024-07-16 23:31:25'),
(502, 22, 'test', 2, 1, 5, '2024-07-16 23:31:54', '2024-07-16 23:31:54'),
(503, 23, 'test', 2, 1, 5, '2024-07-16 23:33:01', '2024-07-16 23:33:01'),
(504, 24, 'test', 2, 1, 5, '2024-07-16 23:33:34', '2024-07-16 23:33:34'),
(505, 25, 'test', 2, 1, 5, '2024-07-16 23:33:35', '2024-07-16 23:33:35'),
(506, 26, 'test', 2, 1, 5, '2024-07-16 23:33:50', '2024-07-16 23:33:50'),
(507, 27, 'test', 2, 1, 5, '2024-07-16 23:33:51', '2024-07-16 23:33:51'),
(508, 28, 'test', 2, 1, 5, '2024-07-16 23:34:22', '2024-07-16 23:34:22'),
(509, 29, 'test', 2, 1, 5, '2024-07-16 23:35:23', '2024-07-16 23:35:23'),
(510, 30, 'test', 2, 1, 5, '2024-07-16 23:35:24', '2024-07-16 23:35:24'),
(511, 31, 'test', 2, 1, 5, '2024-07-16 23:36:02', '2024-07-16 23:36:02'),
(512, 32, 'test', 2, 1, 5, '2024-07-16 23:36:06', '2024-07-16 23:36:06'),
(513, 33, 'test', 2, 1, 5, '2024-07-16 23:36:08', '2024-07-16 23:36:08'),
(514, 34, 'test', 2, 1, 5, '2024-07-16 23:36:09', '2024-07-16 23:36:09'),
(515, 35, 'test', 2, 1, 5, '2024-07-16 23:36:23', '2024-07-16 23:36:23'),
(516, 36, 'test', 2, 1, 5, '2024-07-16 23:36:26', '2024-07-16 23:36:26'),
(517, 37, 'test', 2, 1, 5, '2024-07-16 23:36:27', '2024-07-16 23:36:27'),
(518, 38, 'test', 2, 1, 5, '2024-07-16 23:37:03', '2024-07-16 23:37:03'),
(519, 39, 'test', 2, 1, 5, '2024-07-16 23:37:05', '2024-07-16 23:37:05'),
(520, 40, 'test', 2, 1, 5, '2024-07-16 23:37:34', '2024-07-16 23:37:34'),
(521, 41, 'test', 2, 1, 5, '2024-07-16 23:37:36', '2024-07-16 23:37:36'),
(522, 1, 'test', 2, 1, 5, '2024-07-16 23:37:44', '2024-07-16 23:37:44'),
(523, 1, 'test', 2, 1, 5, '2024-07-16 23:37:46', '2024-07-16 23:37:46'),
(524, 1, 'test', 2, 1, 5, '2024-07-16 23:37:47', '2024-07-16 23:37:47'),
(525, 1, 'test', 2, 1, 5, '2024-07-16 23:37:48', '2024-07-16 23:37:48'),
(526, 1, 'test', 2, 1, 5, '2024-07-16 23:37:49', '2024-07-16 23:37:49'),
(527, 1, 'test', 2, 1, 5, '2024-07-16 23:38:24', '2024-07-16 23:38:24'),
(528, 1, 'test', 2, 1, 5, '2024-07-16 23:38:28', '2024-07-16 23:38:28'),
(529, 1, 'test', 2, 1, 5, '2024-07-16 23:38:30', '2024-07-16 23:38:30'),
(530, 1, 'test', 2, 1, 5, '2024-07-16 23:38:31', '2024-07-16 23:38:31'),
(531, 1, 'test', 2, 1, 5, '2024-07-16 23:38:52', '2024-07-16 23:38:52'),
(532, 1, 'test', 2, 1, 5, '2024-07-16 23:38:55', '2024-07-16 23:38:55'),
(533, 1, 'test', 2, 1, 5, '2024-07-16 23:38:56', '2024-07-16 23:38:56'),
(534, 1, 'test', 2, 1, 5, '2024-07-16 23:40:15', '2024-07-16 23:40:15'),
(535, 1, 'test', 2, 1, 5, '2024-07-16 23:40:16', '2024-07-16 23:40:16'),
(536, 1, 'test', 2, 1, 5, '2024-07-16 23:40:21', '2024-07-16 23:40:21'),
(537, 1, 'test', 2, 1, 5, '2024-07-16 23:40:41', '2024-07-16 23:40:41'),
(538, 1, 'test', 2, 1, 5, '2024-07-16 23:40:58', '2024-07-16 23:40:58'),
(539, 1, 'test', 2, 1, 5, '2024-07-16 23:42:01', '2024-07-16 23:42:01'),
(540, 1, 'test', 2, 1, 5, '2024-07-16 23:42:09', '2024-07-16 23:42:09'),
(541, 1, 'test', 2, 1, 5, '2024-07-16 23:42:30', '2024-07-16 23:42:30'),
(542, 1, 'test', 2, 1, 5, '2024-07-16 23:42:31', '2024-07-16 23:42:31'),
(543, 1, 'test', 2, 1, 5, '2024-07-16 23:42:33', '2024-07-16 23:42:33'),
(544, 1, 'test', 2, 1, 5, '2024-07-16 23:42:35', '2024-07-16 23:42:35'),
(545, 1, 'test', 2, 1, 5, '2024-07-16 23:42:36', '2024-07-16 23:42:36'),
(546, 1, 'test', 2, 1, 5, '2024-07-16 23:42:37', '2024-07-16 23:42:37'),
(547, 1, 'test', 2, 1, 5, '2024-07-16 23:44:26', '2024-07-16 23:44:26'),
(548, 42, 'test', 2, 1, 5, '2024-07-16 23:44:40', '2024-07-16 23:44:40'),
(549, 43, 'test', 2, 1, 5, '2024-07-16 23:44:43', '2024-07-16 23:44:43'),
(550, 44, 'test', 2, 1, 5, '2024-07-16 23:44:46', '2024-07-16 23:44:46'),
(551, 1, 'test', 2, 1, 5, '2024-07-16 23:45:03', '2024-07-16 23:45:03'),
(552, 1, 'test', 2, 1, 5, '2024-07-16 23:45:04', '2024-07-16 23:45:04'),
(553, 1, 'test', 2, 1, 5, '2024-07-16 23:45:05', '2024-07-16 23:45:05'),
(554, 1, 'test', 2, 1, 5, '2024-07-16 23:45:06', '2024-07-16 23:45:06'),
(555, 1, 'test', 2, 1, 5, '2024-07-16 23:45:07', '2024-07-16 23:45:07'),
(556, 1, 'test', 2, 1, 5, '2024-07-16 23:45:08', '2024-07-16 23:45:08'),
(557, 1, 'test', 2, 1, 5, '2024-07-16 23:45:09', '2024-07-16 23:45:09'),
(558, 1, 'test', 2, 1, 5, '2024-07-16 23:45:18', '2024-07-16 23:45:18'),
(559, 1, 'test', 2, 1, 5, '2024-07-16 23:45:19', '2024-07-16 23:45:19'),
(560, 1, 'test', 2, 1, 5, '2024-07-16 23:45:20', '2024-07-16 23:45:20'),
(561, 1, 'test', 2, 1, 5, '2024-07-16 23:45:20', '2024-07-16 23:45:20'),
(562, 1, 'test', 2, 1, 5, '2024-07-16 23:45:50', '2024-07-16 23:45:50'),
(563, 1, 'test', 2, 1, 5, '2024-07-16 23:45:53', '2024-07-16 23:45:53'),
(564, 1, 'test', 2, 1, 5, '2024-07-16 23:46:01', '2024-07-16 23:46:01'),
(565, 1, 'test', 2, 1, 5, '2024-07-16 23:47:15', '2024-07-16 23:47:15'),
(566, 1, 'test', 2, 1, 5, '2024-07-16 23:47:17', '2024-07-16 23:47:17'),
(567, 1, 'test', 2, 1, 5, '2024-07-16 23:47:18', '2024-07-16 23:47:18'),
(568, 1, 'test', 2, 1, 5, '2024-07-16 23:47:18', '2024-07-16 23:47:18'),
(569, 1, 'test', 2, 1, 5, '2024-07-16 23:47:19', '2024-07-16 23:47:19'),
(570, 1, 'test', 2, 1, 5, '2024-07-16 23:47:21', '2024-07-16 23:47:21'),
(571, 1, 'test', 2, 1, 5, '2024-07-16 23:47:26', '2024-07-16 23:47:26'),
(572, 1, 'test', 2, 1, 5, '2024-07-16 23:47:27', '2024-07-16 23:47:27'),
(573, 1, 'test', 2, 1, 5, '2024-07-16 23:47:47', '2024-07-16 23:47:47'),
(574, 1, 'test', 2, 1, 5, '2024-07-16 23:47:49', '2024-07-16 23:47:49'),
(575, 1, 'test', 2, 1, 5, '2024-07-16 23:47:50', '2024-07-16 23:47:50'),
(576, 1, 'test', 2, 1, 5, '2024-07-16 23:47:52', '2024-07-16 23:47:52'),
(577, 1, 'test', 2, 1, 5, '2024-07-16 23:47:53', '2024-07-16 23:47:53'),
(578, 1, 'test', 2, 1, 5, '2024-07-16 23:48:06', '2024-07-16 23:48:06'),
(579, 1, 'test', 2, 1, 5, '2024-07-16 23:48:07', '2024-07-16 23:48:07'),
(580, 1, 'test', 2, 1, 5, '2024-07-16 23:48:08', '2024-07-16 23:48:08'),
(581, 1, 'test', 2, 1, 5, '2024-07-16 23:48:10', '2024-07-16 23:48:10'),
(582, 1, 'test', 2, 1, 5, '2024-07-16 23:52:50', '2024-07-16 23:52:50'),
(583, 1, 'test', 2, 1, 5, '2024-07-16 23:53:37', '2024-07-16 23:53:37'),
(584, 1, 'test', 2, 1, 5, '2024-07-16 23:54:26', '2024-07-16 23:54:26'),
(585, 1, 'test', 2, 1, 5, '2024-07-16 23:56:46', '2024-07-16 23:56:46'),
(586, 1, 'test', 2, 1, 5, '2024-07-16 23:57:01', '2024-07-16 23:57:01'),
(587, 1, 'test', 2, 1, 5, '2024-07-16 23:57:03', '2024-07-16 23:57:03'),
(588, 1, 'test', 2, 1, 5, '2024-07-16 23:57:04', '2024-07-16 23:57:04'),
(589, 1, 'test', 2, 1, 5, '2024-07-16 23:58:22', '2024-07-16 23:58:22'),
(590, 1, 'test', 2, 1, 5, '2024-07-16 23:59:19', '2024-07-16 23:59:19'),
(591, 1, 'test', 2, 1, 5, '2024-07-16 23:59:44', '2024-07-16 23:59:44'),
(592, 1, 'test', 2, 1, 5, '2024-07-17 00:00:14', '2024-07-17 00:00:14'),
(593, 1, 'test', 2, 1, 5, '2024-07-17 00:01:25', '2024-07-17 00:01:25'),
(594, 1, 'test', 2, 1, 5, '2024-07-17 00:01:47', '2024-07-17 00:01:47'),
(595, 1, 'test', 2, 1, 5, '2024-07-17 00:02:36', '2024-07-17 00:02:36'),
(596, 1, 'test', 2, 1, 5, '2024-07-17 00:03:19', '2024-07-17 00:03:19'),
(597, 1, 'test', 2, 1, 5, '2024-07-17 00:04:20', '2024-07-17 00:04:20'),
(598, 1, 'test', 2, 1, 5, '2024-07-17 00:04:22', '2024-07-17 00:04:22'),
(599, 1, 'test', 2, 1, 5, '2024-07-17 00:07:32', '2024-07-17 00:07:32'),
(600, 1, 'test', 2, 1, 5, '2024-07-17 00:09:24', '2024-07-17 00:09:24'),
(601, 1, 'test', 2, 1, 5, '2024-07-17 00:10:55', '2024-07-17 00:10:55'),
(602, 1, 'test', 2, 1, 5, '2024-07-17 00:11:09', '2024-07-17 00:11:09'),
(603, 1, 'test', 2, 1, 5, '2024-07-17 00:11:22', '2024-07-17 00:11:22'),
(604, 1, 'test', 2, 1, 5, '2024-07-17 00:11:54', '2024-07-17 00:11:54'),
(605, 1, 'test', 2, 1, 5, '2024-07-17 00:11:56', '2024-07-17 00:11:56'),
(606, 1, 'test', 2, 1, 5, '2024-07-17 00:11:58', '2024-07-17 00:11:58'),
(607, 1, 'test', 2, 1, 5, '2024-07-17 00:14:51', '2024-07-17 00:14:51'),
(608, 1, 'test', 2, 1, 5, '2024-07-17 00:16:12', '2024-07-17 00:16:12'),
(609, 1, 'test', 2, 1, 5, '2024-07-17 00:16:29', '2024-07-17 00:16:29'),
(610, 1, 'test', 2, 1, 5, '2024-07-17 00:17:29', '2024-07-17 00:17:29'),
(611, 1, 'test', 2, 1, 5, '2024-07-17 00:18:05', '2024-07-17 00:18:05'),
(612, 1, 'test', 2, 1, 5, '2024-07-17 00:19:02', '2024-07-17 00:19:02'),
(613, 1, 'test', 2, 1, 5, '2024-07-17 00:19:05', '2024-07-17 00:19:05'),
(614, 1, 'test', 2, 1, 5, '2024-07-17 00:19:21', '2024-07-17 00:19:21'),
(615, 1, 'test', 2, 1, 5, '2024-07-17 00:21:13', '2024-07-17 00:21:13'),
(616, 1, 'test', 2, 1, 5, '2024-07-17 00:21:27', '2024-07-17 00:21:27'),
(617, 1, 'test', 2, 1, 5, '2024-07-17 00:24:41', '2024-07-17 00:24:41'),
(618, 1, 'test', 2, 1, 5, '2024-07-17 00:29:52', '2024-07-17 00:29:52'),
(619, 1, 'test', 2, 1, 5, '2024-07-17 00:40:28', '2024-07-17 00:40:28'),
(620, 1, 'test', 2, 1, 5, '2024-07-17 00:41:11', '2024-07-17 00:41:11'),
(621, 1, 'test', 2, 1, 5, '2024-07-17 00:41:17', '2024-07-17 00:41:17'),
(622, 1, 'test', 2, 1, 5, '2024-07-17 00:41:24', '2024-07-17 00:41:24'),
(623, 1, 'test', 2, 1, 5, '2024-07-17 00:45:36', '2024-07-17 00:45:36'),
(624, 1, 'test', 2, 1, 5, '2024-07-17 00:45:59', '2024-07-17 00:45:59'),
(625, 1, 'test', 2, 1, 5, '2024-07-17 00:47:28', '2024-07-17 00:47:28'),
(626, 1, 'test', 2, 1, 5, '2024-07-17 00:47:40', '2024-07-17 00:47:40'),
(627, 1, 'test', 2, 1, 5, '2024-07-17 00:51:07', '2024-07-17 00:51:07'),
(628, 1, 'test', 2, 1, 5, '2024-07-17 00:51:09', '2024-07-17 00:51:09'),
(629, 1, 'test', 2, 1, 5, '2024-07-17 00:51:10', '2024-07-17 00:51:10'),
(630, 1, 'test', 2, 1, 5, '2024-07-17 00:55:13', '2024-07-17 00:55:13'),
(631, 1, 'test', 2, 1, 5, '2024-07-17 00:55:19', '2024-07-17 00:55:19'),
(632, 1, 'test', 2, 1, 5, '2024-07-17 00:57:26', '2024-07-17 00:57:26'),
(633, 1, 'test', 2, 1, 5, '2024-07-17 00:57:28', '2024-07-17 00:57:28'),
(634, 45, 'test', 4, 1, 1, '2024-07-17 00:57:55', '2024-07-17 00:57:55'),
(635, 45, 'test', 4, 1, 1, '2024-07-17 00:57:56', '2024-07-17 00:57:56'),
(636, 45, 'test', 4, 1, 1, '2024-07-17 00:57:57', '2024-07-17 00:57:57'),
(637, 45, 'test', 4, 1, 1, '2024-07-17 00:57:59', '2024-07-17 00:57:59'),
(638, 45, 'test', 4, 1, 1, '2024-07-17 00:58:01', '2024-07-17 00:58:01'),
(639, 45, 'test', 4, 1, 1, '2024-07-17 00:58:02', '2024-07-17 00:58:02'),
(640, 45, 'test', 4, 1, 1, '2024-07-17 00:58:03', '2024-07-17 00:58:03'),
(641, 45, 'test', 4, 1, 1, '2024-07-17 00:58:05', '2024-07-17 00:58:05'),
(642, 45, 'test', 4, 1, 1, '2024-07-17 00:58:06', '2024-07-17 00:58:06'),
(643, 45, 'test', 4, 1, 1, '2024-07-17 00:58:08', '2024-07-17 00:58:08'),
(644, 45, 'test', 4, 1, 1, '2024-07-17 00:58:09', '2024-07-17 00:58:09'),
(645, 45, 'test', 4, 1, 1, '2024-07-17 00:58:11', '2024-07-17 00:58:11'),
(646, 45, 'test', 4, 1, 1, '2024-07-17 00:58:12', '2024-07-17 00:58:12'),
(647, 45, 'test', 4, 1, 1, '2024-07-17 00:58:14', '2024-07-17 00:58:14'),
(648, 45, 'test', 4, 1, 1, '2024-07-17 00:58:15', '2024-07-17 00:58:15'),
(649, 45, 'test', 4, 1, 1, '2024-07-17 00:58:16', '2024-07-17 00:58:16'),
(650, 45, 'test', 4, 1, 1, '2024-07-17 00:58:18', '2024-07-17 00:58:18'),
(651, 45, 'test', 4, 1, 1, '2024-07-17 00:58:19', '2024-07-17 00:58:19'),
(652, 45, 'test', 4, 1, 1, '2024-07-17 00:58:21', '2024-07-17 00:58:21'),
(653, 45, 'test', 4, 1, 1, '2024-07-17 00:58:22', '2024-07-17 00:58:22'),
(654, 45, 'test', 4, 1, 1, '2024-07-17 00:58:23', '2024-07-17 00:58:23'),
(655, 45, 'test', 4, 1, 1, '2024-07-17 00:58:25', '2024-07-17 00:58:25'),
(656, 45, 'test', 4, 1, 1, '2024-07-17 00:58:26', '2024-07-17 00:58:26'),
(657, 45, 'test', 4, 1, 1, '2024-07-17 00:58:28', '2024-07-17 00:58:28'),
(658, 45, 'test', 4, 1, 1, '2024-07-17 00:58:29', '2024-07-17 00:58:29'),
(659, 45, 'test', 4, 1, 1, '2024-07-17 00:58:31', '2024-07-17 00:58:31'),
(660, 45, 'test', 4, 1, 1, '2024-07-17 00:58:32', '2024-07-17 00:58:32'),
(661, 45, 'test', 4, 1, 1, '2024-07-17 00:58:34', '2024-07-17 00:58:34'),
(662, 45, 'test', 4, 1, 1, '2024-07-17 00:58:36', '2024-07-17 00:58:36'),
(663, 45, 'test', 4, 1, 1, '2024-07-17 00:58:38', '2024-07-17 00:58:38'),
(664, 46, 'test', 4, 1, 1, '2024-07-17 01:01:48', '2024-07-17 01:01:48'),
(665, 46, 'test', 4, 1, 1, '2024-07-17 01:01:49', '2024-07-17 01:01:49'),
(666, 46, 'test', 4, 1, 1, '2024-07-17 01:01:51', '2024-07-17 01:01:51'),
(667, 46, 'test', 4, 1, 1, '2024-07-17 01:01:52', '2024-07-17 01:01:52'),
(668, 46, 'test', 4, 1, 1, '2024-07-17 01:01:53', '2024-07-17 01:01:53'),
(669, 46, 'test', 4, 1, 1, '2024-07-17 01:01:55', '2024-07-17 01:01:55'),
(670, 46, 'test', 4, 1, 1, '2024-07-17 01:01:56', '2024-07-17 01:01:56'),
(671, 46, 'test', 4, 1, 1, '2024-07-17 01:01:58', '2024-07-17 01:01:58'),
(672, 46, 'test', 4, 1, 1, '2024-07-17 01:01:59', '2024-07-17 01:01:59'),
(673, 46, 'test', 4, 1, 1, '2024-07-17 01:02:01', '2024-07-17 01:02:01'),
(674, 46, 'test', 4, 1, 1, '2024-07-17 01:02:02', '2024-07-17 01:02:02'),
(675, 46, 'test', 4, 1, 1, '2024-07-17 01:02:03', '2024-07-17 01:02:03'),
(676, 46, 'test', 4, 1, 1, '2024-07-17 01:02:05', '2024-07-17 01:02:05'),
(677, 46, 'test', 4, 1, 1, '2024-07-17 01:02:06', '2024-07-17 01:02:06'),
(678, 46, 'test', 4, 1, 1, '2024-07-17 01:02:08', '2024-07-17 01:02:08'),
(679, 46, 'test', 4, 1, 1, '2024-07-17 01:02:09', '2024-07-17 01:02:09'),
(680, 46, 'test', 4, 1, 1, '2024-07-17 01:02:11', '2024-07-17 01:02:11'),
(681, 46, 'test', 4, 1, 1, '2024-07-17 01:02:12', '2024-07-17 01:02:12'),
(682, 46, 'test', 4, 1, 1, '2024-07-17 01:02:13', '2024-07-17 01:02:13'),
(683, 46, 'test', 4, 1, 1, '2024-07-17 01:02:15', '2024-07-17 01:02:15'),
(684, 46, 'test', 4, 1, 1, '2024-07-17 01:02:16', '2024-07-17 01:02:16'),
(685, 46, 'test', 4, 1, 1, '2024-07-17 01:02:17', '2024-07-17 01:02:17'),
(686, 46, 'test', 4, 1, 1, '2024-07-17 01:02:19', '2024-07-17 01:02:19'),
(687, 46, 'test', 4, 1, 1, '2024-07-17 01:02:20', '2024-07-17 01:02:20'),
(688, 46, 'test', 4, 1, 1, '2024-07-17 01:02:22', '2024-07-17 01:02:22'),
(689, 46, 'test', 4, 1, 1, '2024-07-17 01:02:23', '2024-07-17 01:02:23'),
(690, 46, 'test', 4, 1, 1, '2024-07-17 01:02:24', '2024-07-17 01:02:24'),
(691, 46, 'test', 4, 1, 1, '2024-07-17 01:02:26', '2024-07-17 01:02:26'),
(692, 46, 'test', 4, 1, 1, '2024-07-17 01:02:27', '2024-07-17 01:02:27'),
(693, 46, 'test', 4, 1, 1, '2024-07-17 01:02:29', '2024-07-17 01:02:29'),
(694, 46, 'test', 4, 1, 1, '2024-07-17 01:02:30', '2024-07-17 01:02:30'),
(695, 46, 'test', 4, 1, 1, '2024-07-17 01:02:31', '2024-07-17 01:02:31'),
(696, 46, 'test', 4, 1, 1, '2024-07-17 01:02:33', '2024-07-17 01:02:33');
INSERT INTO `photos` (`id`, `order_id`, `file_name`, `size_id`, `material_id`, `amount`, `created_at`, `updated_at`) VALUES
(697, 46, 'test', 4, 1, 1, '2024-07-17 01:02:34', '2024-07-17 01:02:34'),
(698, 46, 'test', 4, 1, 1, '2024-07-17 01:02:35', '2024-07-17 01:02:35'),
(699, 46, 'test', 4, 1, 1, '2024-07-17 01:02:37', '2024-07-17 01:02:37'),
(700, 46, 'test', 4, 1, 1, '2024-07-17 01:02:38', '2024-07-17 01:02:38'),
(701, 46, 'test', 4, 1, 1, '2024-07-17 01:02:40', '2024-07-17 01:02:40'),
(702, 46, 'test', 4, 1, 1, '2024-07-17 01:02:41', '2024-07-17 01:02:41'),
(703, 46, 'test', 4, 1, 1, '2024-07-17 01:02:43', '2024-07-17 01:02:43'),
(704, 46, 'test', 4, 1, 1, '2024-07-17 01:02:44', '2024-07-17 01:02:44'),
(705, 46, 'test', 4, 1, 1, '2024-07-17 01:02:45', '2024-07-17 01:02:45'),
(706, 46, 'test', 4, 1, 1, '2024-07-17 01:02:47', '2024-07-17 01:02:47'),
(707, 46, 'test', 4, 1, 1, '2024-07-17 01:02:49', '2024-07-17 01:02:49'),
(708, 46, 'test', 4, 1, 1, '2024-07-17 01:02:50', '2024-07-17 01:02:50'),
(709, 46, 'test', 4, 1, 1, '2024-07-17 01:02:52', '2024-07-17 01:02:52'),
(710, 46, 'test', 4, 1, 1, '2024-07-17 01:02:54', '2024-07-17 01:02:54'),
(711, 46, 'test', 4, 1, 1, '2024-07-17 01:02:55', '2024-07-17 01:02:55'),
(712, 46, 'test', 4, 1, 1, '2024-07-17 01:02:57', '2024-07-17 01:02:57'),
(713, 46, 'test', 4, 1, 1, '2024-07-17 01:02:58', '2024-07-17 01:02:58'),
(714, 46, 'test', 4, 1, 1, '2024-07-17 01:03:00', '2024-07-17 01:03:00'),
(715, 46, 'test', 4, 1, 1, '2024-07-17 01:03:02', '2024-07-17 01:03:02'),
(716, 46, 'test', 4, 1, 1, '2024-07-17 01:03:03', '2024-07-17 01:03:03'),
(717, 46, 'test', 4, 1, 1, '2024-07-17 01:03:05', '2024-07-17 01:03:05'),
(718, 46, 'test', 4, 1, 1, '2024-07-17 01:03:06', '2024-07-17 01:03:06'),
(719, 46, 'test', 4, 1, 1, '2024-07-17 01:03:08', '2024-07-17 01:03:08'),
(720, 46, 'test', 4, 1, 1, '2024-07-17 01:03:09', '2024-07-17 01:03:09'),
(721, 46, 'test', 4, 1, 1, '2024-07-17 01:03:11', '2024-07-17 01:03:11'),
(722, 46, 'test', 4, 1, 1, '2024-07-17 01:03:12', '2024-07-17 01:03:12'),
(723, 46, 'test', 4, 1, 1, '2024-07-17 01:03:14', '2024-07-17 01:03:14'),
(724, 46, 'test', 4, 1, 1, '2024-07-17 01:03:16', '2024-07-17 01:03:16'),
(725, 46, 'test', 4, 1, 1, '2024-07-17 01:03:17', '2024-07-17 01:03:17'),
(726, 46, 'test', 4, 1, 1, '2024-07-17 01:03:19', '2024-07-17 01:03:19'),
(727, 46, 'test', 4, 1, 1, '2024-07-17 01:03:20', '2024-07-17 01:03:20'),
(728, 46, 'test', 4, 1, 1, '2024-07-17 01:03:22', '2024-07-17 01:03:22'),
(729, 46, 'test', 4, 1, 1, '2024-07-17 01:03:24', '2024-07-17 01:03:24'),
(730, 46, 'test', 4, 1, 1, '2024-07-17 01:03:25', '2024-07-17 01:03:25'),
(731, 46, 'test', 4, 1, 1, '2024-07-17 01:03:27', '2024-07-17 01:03:27'),
(732, 46, 'test', 4, 1, 1, '2024-07-17 01:03:28', '2024-07-17 01:03:28'),
(733, 46, 'test', 4, 1, 1, '2024-07-17 01:03:30', '2024-07-17 01:03:30'),
(734, 46, 'test', 4, 1, 1, '2024-07-17 01:03:32', '2024-07-17 01:03:32'),
(735, 46, 'test', 4, 1, 1, '2024-07-17 01:03:33', '2024-07-17 01:03:33'),
(736, 46, 'test', 4, 1, 1, '2024-07-17 01:03:35', '2024-07-17 01:03:35'),
(737, 46, 'test', 4, 1, 1, '2024-07-17 01:03:36', '2024-07-17 01:03:36'),
(738, 46, 'test', 4, 1, 1, '2024-07-17 01:03:38', '2024-07-17 01:03:38'),
(739, 46, 'test', 4, 1, 1, '2024-07-17 01:03:40', '2024-07-17 01:03:40'),
(740, 46, 'test', 4, 1, 1, '2024-07-17 01:03:41', '2024-07-17 01:03:41'),
(741, 46, 'test', 4, 1, 1, '2024-07-17 01:03:43', '2024-07-17 01:03:43'),
(742, 46, 'test', 4, 1, 1, '2024-07-17 01:03:44', '2024-07-17 01:03:44'),
(743, 46, 'test', 4, 1, 1, '2024-07-17 01:03:47', '2024-07-17 01:03:47'),
(744, 46, 'test', 4, 1, 1, '2024-07-17 01:03:48', '2024-07-17 01:03:48'),
(745, 46, 'test', 4, 1, 1, '2024-07-17 01:03:49', '2024-07-17 01:03:49'),
(746, 46, 'test', 4, 1, 1, '2024-07-17 01:03:51', '2024-07-17 01:03:51'),
(747, 46, 'test', 4, 1, 1, '2024-07-17 01:03:53', '2024-07-17 01:03:53'),
(748, 46, 'test', 4, 1, 1, '2024-07-17 01:03:55', '2024-07-17 01:03:55'),
(749, 46, 'test', 4, 1, 1, '2024-07-17 01:03:56', '2024-07-17 01:03:56'),
(750, 46, 'test', 4, 1, 1, '2024-07-17 01:03:58', '2024-07-17 01:03:58'),
(751, 46, 'test', 4, 1, 1, '2024-07-17 01:04:00', '2024-07-17 01:04:00'),
(752, 46, 'test', 4, 1, 1, '2024-07-17 01:04:02', '2024-07-17 01:04:02'),
(753, 46, 'test', 4, 1, 1, '2024-07-17 01:04:03', '2024-07-17 01:04:03'),
(754, 46, 'test', 4, 1, 1, '2024-07-17 01:04:05', '2024-07-17 01:04:05'),
(755, 46, 'test', 4, 1, 1, '2024-07-17 01:04:07', '2024-07-17 01:04:07'),
(756, 46, 'test', 4, 1, 1, '2024-07-17 01:04:09', '2024-07-17 01:04:09'),
(757, 46, 'test', 4, 1, 1, '2024-07-17 01:04:11', '2024-07-17 01:04:11'),
(758, 46, 'test', 4, 1, 1, '2024-07-17 01:04:12', '2024-07-17 01:04:12'),
(759, 46, 'test', 4, 1, 1, '2024-07-17 01:04:14', '2024-07-17 01:04:14'),
(760, 46, 'test', 4, 1, 1, '2024-07-17 01:04:16', '2024-07-17 01:04:16'),
(761, 46, 'test', 4, 1, 1, '2024-07-17 01:04:17', '2024-07-17 01:04:17'),
(762, 46, 'test', 4, 1, 1, '2024-07-17 01:04:21', '2024-07-17 01:04:21'),
(763, 46, 'test', 4, 1, 1, '2024-07-17 01:04:22', '2024-07-17 01:04:22'),
(764, 46, 'test', 4, 1, 1, '2024-07-17 01:04:24', '2024-07-17 01:04:24'),
(765, 46, 'test', 4, 1, 1, '2024-07-17 01:04:25', '2024-07-17 01:04:25'),
(766, 46, 'test', 4, 1, 1, '2024-07-17 01:04:27', '2024-07-17 01:04:27'),
(767, 46, 'test', 4, 1, 1, '2024-07-17 01:04:29', '2024-07-17 01:04:29'),
(768, 46, 'test', 4, 1, 1, '2024-07-17 01:04:31', '2024-07-17 01:04:31'),
(769, 46, 'test', 4, 1, 1, '2024-07-17 01:04:32', '2024-07-17 01:04:32'),
(770, 46, 'test', 4, 1, 1, '2024-07-17 01:04:34', '2024-07-17 01:04:34'),
(771, 46, 'test', 4, 1, 1, '2024-07-17 01:04:36', '2024-07-17 01:04:36'),
(772, 46, 'test', 4, 1, 1, '2024-07-17 01:04:38', '2024-07-17 01:04:38'),
(773, 46, 'test', 4, 1, 1, '2024-07-17 01:04:39', '2024-07-17 01:04:39'),
(774, 46, 'test', 4, 1, 1, '2024-07-17 01:04:41', '2024-07-17 01:04:41'),
(775, 46, 'test', 4, 1, 1, '2024-07-17 01:04:42', '2024-07-17 01:04:42'),
(776, 46, 'test', 4, 1, 1, '2024-07-17 01:04:45', '2024-07-17 01:04:45'),
(777, 46, 'test', 4, 1, 1, '2024-07-17 01:04:46', '2024-07-17 01:04:46'),
(778, 46, 'test', 4, 1, 1, '2024-07-17 01:04:48', '2024-07-17 01:04:48'),
(779, 46, 'test', 4, 1, 1, '2024-07-17 01:04:50', '2024-07-17 01:04:50'),
(780, 46, 'test', 4, 1, 1, '2024-07-17 01:04:52', '2024-07-17 01:04:52'),
(781, 46, 'test', 4, 1, 1, '2024-07-17 01:04:54', '2024-07-17 01:04:54'),
(782, 46, 'test', 4, 1, 1, '2024-07-17 01:04:57', '2024-07-17 01:04:57'),
(783, 46, 'test', 4, 1, 1, '2024-07-17 01:05:00', '2024-07-17 01:05:00'),
(784, 46, 'test', 4, 1, 1, '2024-07-17 01:05:02', '2024-07-17 01:05:02'),
(785, 46, 'test', 4, 1, 1, '2024-07-17 01:05:04', '2024-07-17 01:05:04'),
(786, 46, 'test', 4, 1, 1, '2024-07-17 01:05:05', '2024-07-17 01:05:05'),
(787, 46, 'test', 4, 1, 1, '2024-07-17 01:05:07', '2024-07-17 01:05:07'),
(788, 46, 'test', 4, 1, 1, '2024-07-17 01:05:10', '2024-07-17 01:05:10'),
(789, 46, 'test', 4, 1, 1, '2024-07-17 01:05:12', '2024-07-17 01:05:12'),
(790, 46, 'test', 4, 1, 1, '2024-07-17 01:05:14', '2024-07-17 01:05:14'),
(791, 46, 'test', 4, 1, 1, '2024-07-17 01:05:16', '2024-07-17 01:05:16'),
(792, 46, 'test', 4, 1, 1, '2024-07-17 01:05:19', '2024-07-17 01:05:19'),
(793, 46, 'test', 4, 1, 1, '2024-07-17 01:05:21', '2024-07-17 01:05:21'),
(794, 46, 'test', 4, 1, 1, '2024-07-17 01:05:23', '2024-07-17 01:05:23'),
(795, 46, 'test', 4, 1, 1, '2024-07-17 01:05:27', '2024-07-17 01:05:27'),
(796, 46, 'test', 4, 1, 1, '2024-07-17 01:05:29', '2024-07-17 01:05:29'),
(797, 46, 'test', 4, 1, 1, '2024-07-17 01:05:33', '2024-07-17 01:05:33'),
(798, 46, 'test', 4, 1, 1, '2024-07-17 01:05:35', '2024-07-17 01:05:35'),
(799, 46, 'test', 4, 1, 1, '2024-07-17 01:05:39', '2024-07-17 01:05:39'),
(800, 46, 'test', 4, 1, 1, '2024-07-17 01:05:41', '2024-07-17 01:05:41'),
(801, 46, 'test', 4, 1, 1, '2024-07-17 01:05:43', '2024-07-17 01:05:43'),
(802, 46, 'test', 4, 1, 1, '2024-07-17 01:05:46', '2024-07-17 01:05:46'),
(803, 46, 'test', 4, 1, 1, '2024-07-17 01:05:49', '2024-07-17 01:05:49'),
(804, 46, 'test', 4, 1, 1, '2024-07-17 01:05:51', '2024-07-17 01:05:51'),
(805, 46, 'test', 4, 1, 1, '2024-07-17 01:05:54', '2024-07-17 01:05:54'),
(806, 46, 'test', 4, 1, 1, '2024-07-17 01:05:57', '2024-07-17 01:05:57'),
(807, 46, 'test', 4, 1, 1, '2024-07-17 01:06:00', '2024-07-17 01:06:00'),
(808, 46, 'test', 4, 1, 1, '2024-07-17 01:06:02', '2024-07-17 01:06:02'),
(809, 46, 'test', 4, 1, 1, '2024-07-17 01:06:05', '2024-07-17 01:06:05'),
(810, 46, 'test', 4, 1, 1, '2024-07-17 01:06:08', '2024-07-17 01:06:08'),
(811, 46, 'test', 4, 1, 1, '2024-07-17 01:06:11', '2024-07-17 01:06:11'),
(812, 46, 'test', 4, 1, 1, '2024-07-17 01:06:13', '2024-07-17 01:06:13'),
(813, 46, 'test', 4, 1, 1, '2024-07-17 01:06:16', '2024-07-17 01:06:16'),
(814, 46, 'test', 4, 1, 1, '2024-07-17 01:06:19', '2024-07-17 01:06:19'),
(815, 46, 'test', 4, 1, 1, '2024-07-17 01:06:21', '2024-07-17 01:06:21'),
(816, 46, 'test', 4, 1, 1, '2024-07-17 01:06:24', '2024-07-17 01:06:24'),
(817, 46, 'test', 4, 1, 1, '2024-07-17 01:06:27', '2024-07-17 01:06:27'),
(818, 46, 'test', 4, 1, 1, '2024-07-17 01:06:30', '2024-07-17 01:06:30'),
(819, 46, 'test', 4, 1, 1, '2024-07-17 01:06:32', '2024-07-17 01:06:32'),
(820, 46, 'test', 4, 1, 1, '2024-07-17 01:06:35', '2024-07-17 01:06:35'),
(821, 46, 'test', 4, 1, 1, '2024-07-17 01:06:38', '2024-07-17 01:06:38'),
(822, 46, 'test', 4, 1, 1, '2024-07-17 01:06:41', '2024-07-17 01:06:41'),
(823, 46, 'test', 4, 1, 1, '2024-07-17 01:06:43', '2024-07-17 01:06:43'),
(824, 46, 'test', 4, 1, 1, '2024-07-17 01:06:46', '2024-07-17 01:06:46'),
(825, 46, 'test', 4, 1, 1, '2024-07-17 01:06:48', '2024-07-17 01:06:48'),
(826, 46, 'test', 4, 1, 1, '2024-07-17 01:06:51', '2024-07-17 01:06:51'),
(827, 46, 'test', 4, 1, 1, '2024-07-17 01:06:54', '2024-07-17 01:06:54'),
(828, 46, 'test', 4, 1, 1, '2024-07-17 01:06:57', '2024-07-17 01:06:57'),
(829, 46, 'test', 4, 1, 1, '2024-07-17 01:06:59', '2024-07-17 01:06:59'),
(830, 46, 'test', 4, 1, 1, '2024-07-17 01:07:02', '2024-07-17 01:07:02'),
(831, 46, 'test', 4, 1, 1, '2024-07-17 01:07:05', '2024-07-17 01:07:05'),
(832, 46, 'test', 4, 1, 1, '2024-07-17 01:07:08', '2024-07-17 01:07:08'),
(833, 46, 'test', 4, 1, 1, '2024-07-17 01:07:11', '2024-07-17 01:07:11'),
(834, 46, 'test', 4, 1, 1, '2024-07-17 01:07:13', '2024-07-17 01:07:13'),
(835, 46, 'test', 4, 1, 1, '2024-07-17 01:07:16', '2024-07-17 01:07:16'),
(836, 46, 'test', 4, 1, 1, '2024-07-17 01:07:19', '2024-07-17 01:07:19'),
(837, 46, 'test', 4, 1, 1, '2024-07-17 01:07:21', '2024-07-17 01:07:21'),
(838, 46, 'test', 4, 1, 1, '2024-07-17 01:07:24', '2024-07-17 01:07:24'),
(839, 46, 'test', 4, 1, 1, '2024-07-17 01:07:27', '2024-07-17 01:07:27'),
(840, 46, 'test', 4, 1, 1, '2024-07-17 01:07:29', '2024-07-17 01:07:29'),
(841, 46, 'test', 4, 1, 1, '2024-07-17 01:07:33', '2024-07-17 01:07:33'),
(842, 46, 'test', 4, 1, 1, '2024-07-17 01:07:35', '2024-07-17 01:07:35'),
(843, 46, 'test', 4, 1, 1, '2024-07-17 01:07:38', '2024-07-17 01:07:38'),
(844, 46, 'test', 4, 1, 1, '2024-07-17 01:07:41', '2024-07-17 01:07:41'),
(845, 46, 'test', 4, 1, 1, '2024-07-17 01:07:43', '2024-07-17 01:07:43'),
(846, 46, 'test', 4, 1, 1, '2024-07-17 01:07:46', '2024-07-17 01:07:46'),
(847, 46, 'test', 4, 1, 1, '2024-07-17 01:07:49', '2024-07-17 01:07:49'),
(848, 46, 'test', 4, 1, 1, '2024-07-17 01:07:52', '2024-07-17 01:07:52'),
(849, 46, 'test', 4, 1, 1, '2024-07-17 01:07:54', '2024-07-17 01:07:54'),
(850, 46, 'test', 4, 1, 1, '2024-07-17 01:07:57', '2024-07-17 01:07:57'),
(851, 46, 'test', 4, 1, 1, '2024-07-17 01:08:00', '2024-07-17 01:08:00'),
(852, 46, 'test', 4, 1, 1, '2024-07-17 01:08:03', '2024-07-17 01:08:03'),
(853, 46, 'test', 4, 1, 1, '2024-07-17 01:08:05', '2024-07-17 01:08:05'),
(854, 46, 'test', 4, 1, 1, '2024-07-17 01:08:07', '2024-07-17 01:08:07'),
(855, 46, 'test', 4, 1, 1, '2024-07-17 01:08:10', '2024-07-17 01:08:10'),
(856, 46, 'test', 4, 1, 1, '2024-07-17 01:08:13', '2024-07-17 01:08:13'),
(857, 46, 'test', 4, 1, 1, '2024-07-17 01:08:16', '2024-07-17 01:08:16'),
(858, 46, 'test', 4, 1, 1, '2024-07-17 01:08:19', '2024-07-17 01:08:19'),
(859, 46, 'test', 4, 1, 1, '2024-07-17 01:08:21', '2024-07-17 01:08:21'),
(860, 46, 'test', 4, 1, 1, '2024-07-17 01:08:24', '2024-07-17 01:08:24'),
(861, 46, 'test', 4, 1, 1, '2024-07-17 01:08:26', '2024-07-17 01:08:26'),
(862, 46, 'test', 4, 1, 1, '2024-07-17 01:08:29', '2024-07-17 01:08:29'),
(863, 46, 'test', 4, 1, 1, '2024-07-17 01:08:32', '2024-07-17 01:08:32'),
(864, 46, 'test', 4, 1, 1, '2024-07-17 01:08:35', '2024-07-17 01:08:35'),
(865, 46, 'test', 4, 1, 1, '2024-07-17 01:08:38', '2024-07-17 01:08:38'),
(866, 46, 'test', 4, 1, 1, '2024-07-17 01:08:40', '2024-07-17 01:08:40'),
(867, 46, 'test', 4, 1, 1, '2024-07-17 01:08:43', '2024-07-17 01:08:43'),
(868, 46, 'test', 4, 1, 1, '2024-07-17 01:08:46', '2024-07-17 01:08:46'),
(869, 46, 'test', 4, 1, 1, '2024-07-17 01:08:48', '2024-07-17 01:08:48'),
(870, 46, 'test', 4, 1, 1, '2024-07-17 01:08:52', '2024-07-17 01:08:52'),
(871, 46, 'test', 4, 1, 1, '2024-07-17 01:09:00', '2024-07-17 01:09:00'),
(872, 46, 'test', 4, 1, 1, '2024-07-17 01:09:01', '2024-07-17 01:09:01'),
(873, 46, 'test', 4, 1, 1, '2024-07-17 01:09:09', '2024-07-17 01:09:09'),
(874, 46, 'test', 4, 1, 1, '2024-07-17 01:09:11', '2024-07-17 01:09:11'),
(875, 46, 'test', 4, 1, 1, '2024-07-17 01:09:17', '2024-07-17 01:09:17'),
(876, 46, 'test', 4, 1, 1, '2024-07-17 01:09:20', '2024-07-17 01:09:20'),
(877, 46, 'test', 4, 1, 1, '2024-07-17 01:09:22', '2024-07-17 01:09:22'),
(878, 46, 'test', 4, 1, 1, '2024-07-17 01:09:26', '2024-07-17 01:09:26'),
(879, 1, 'test', 2, 1, 5, '2024-07-17 01:10:13', '2024-07-17 01:10:13'),
(880, 1, 'test', 2, 1, 5, '2024-07-17 01:10:15', '2024-07-17 01:10:15'),
(881, 1, 'test', 2, 1, 5, '2024-07-17 01:10:16', '2024-07-17 01:10:16'),
(882, 47, 'test', 4, 1, 1, '2024-07-17 01:10:39', '2024-07-17 01:10:39'),
(883, 47, 'test', 4, 1, 1, '2024-07-17 01:10:41', '2024-07-17 01:10:41'),
(884, 47, 'test', 4, 1, 1, '2024-07-17 01:10:42', '2024-07-17 01:10:42'),
(885, 47, 'test', 4, 1, 1, '2024-07-17 01:10:44', '2024-07-17 01:10:44'),
(886, 47, 'test', 4, 1, 1, '2024-07-17 01:10:45', '2024-07-17 01:10:45'),
(887, 47, 'test', 4, 1, 1, '2024-07-17 01:10:46', '2024-07-17 01:10:46'),
(888, 47, 'test', 4, 1, 1, '2024-07-17 01:10:48', '2024-07-17 01:10:48'),
(889, 47, 'test', 4, 1, 1, '2024-07-17 01:10:49', '2024-07-17 01:10:49'),
(890, 47, 'test', 4, 1, 1, '2024-07-17 01:10:51', '2024-07-17 01:10:51'),
(891, 47, 'test', 4, 1, 1, '2024-07-17 01:10:52', '2024-07-17 01:10:52'),
(892, 47, 'test', 4, 1, 1, '2024-07-17 01:10:54', '2024-07-17 01:10:54'),
(893, 47, 'test', 4, 1, 1, '2024-07-17 01:10:55', '2024-07-17 01:10:55'),
(894, 48, 'test', 4, 1, 1, '2024-07-17 01:11:29', '2024-07-17 01:11:29'),
(895, 48, 'test', 4, 1, 1, '2024-07-17 01:11:31', '2024-07-17 01:11:31'),
(896, 48, 'test', 4, 1, 1, '2024-07-17 01:11:32', '2024-07-17 01:11:32'),
(897, 48, 'test', 4, 1, 1, '2024-07-17 01:11:33', '2024-07-17 01:11:33'),
(898, 48, 'test', 4, 1, 1, '2024-07-17 01:11:35', '2024-07-17 01:11:35'),
(899, 48, 'test', 4, 1, 1, '2024-07-17 01:11:36', '2024-07-17 01:11:36'),
(900, 48, 'test', 4, 1, 1, '2024-07-17 01:11:37', '2024-07-17 01:11:37'),
(901, 48, 'test', 4, 1, 1, '2024-07-17 01:11:39', '2024-07-17 01:11:39'),
(902, 48, 'test', 4, 1, 1, '2024-07-17 01:11:40', '2024-07-17 01:11:40'),
(903, 48, 'test', 4, 1, 1, '2024-07-17 01:11:42', '2024-07-17 01:11:42'),
(904, 48, 'test', 4, 1, 1, '2024-07-17 01:11:43', '2024-07-17 01:11:43'),
(905, 48, 'test', 4, 1, 1, '2024-07-17 01:11:44', '2024-07-17 01:11:44'),
(906, 48, 'test', 4, 1, 1, '2024-07-17 01:11:46', '2024-07-17 01:11:46'),
(907, 48, 'test', 4, 1, 1, '2024-07-17 01:11:47', '2024-07-17 01:11:47'),
(908, 48, 'test', 4, 1, 1, '2024-07-17 01:11:49', '2024-07-17 01:11:49'),
(909, 48, 'test', 4, 1, 1, '2024-07-17 01:11:50', '2024-07-17 01:11:50'),
(910, 48, 'test', 4, 1, 1, '2024-07-17 01:11:51', '2024-07-17 01:11:51'),
(911, 48, 'test', 4, 1, 1, '2024-07-17 01:11:53', '2024-07-17 01:11:53'),
(912, 48, 'test', 4, 1, 1, '2024-07-17 01:11:54', '2024-07-17 01:11:54'),
(913, 48, 'test', 4, 1, 1, '2024-07-17 01:11:55', '2024-07-17 01:11:55'),
(914, 48, 'test', 4, 1, 1, '2024-07-17 01:11:57', '2024-07-17 01:11:57'),
(915, 48, 'test', 4, 1, 1, '2024-07-17 01:11:58', '2024-07-17 01:11:58'),
(916, 48, 'test', 4, 1, 1, '2024-07-17 01:11:59', '2024-07-17 01:11:59'),
(917, 48, 'test', 4, 1, 1, '2024-07-17 01:12:00', '2024-07-17 01:12:00'),
(918, 48, 'test', 4, 1, 1, '2024-07-17 01:12:02', '2024-07-17 01:12:02'),
(919, 48, 'test', 4, 1, 1, '2024-07-17 01:12:03', '2024-07-17 01:12:03'),
(920, 48, 'test', 4, 1, 1, '2024-07-17 01:12:04', '2024-07-17 01:12:04'),
(921, 48, 'test', 4, 1, 1, '2024-07-17 01:12:06', '2024-07-17 01:12:06'),
(922, 48, 'test', 4, 1, 1, '2024-07-17 01:12:07', '2024-07-17 01:12:07'),
(923, 48, 'test', 4, 1, 1, '2024-07-17 01:12:08', '2024-07-17 01:12:08'),
(924, 48, 'test', 4, 1, 1, '2024-07-17 01:12:09', '2024-07-17 01:12:09'),
(925, 48, 'test', 4, 1, 1, '2024-07-17 01:12:11', '2024-07-17 01:12:11'),
(926, 48, 'test', 4, 1, 1, '2024-07-17 01:12:12', '2024-07-17 01:12:12'),
(927, 48, 'test', 4, 1, 1, '2024-07-17 01:12:13', '2024-07-17 01:12:13'),
(928, 48, 'test', 4, 1, 1, '2024-07-17 01:12:15', '2024-07-17 01:12:15'),
(929, 48, 'test', 4, 1, 1, '2024-07-17 01:12:16', '2024-07-17 01:12:16'),
(930, 48, 'test', 4, 1, 1, '2024-07-17 01:12:17', '2024-07-17 01:12:17'),
(931, 48, 'test', 4, 1, 1, '2024-07-17 01:12:19', '2024-07-17 01:12:19'),
(932, 48, 'test', 4, 1, 1, '2024-07-17 01:12:20', '2024-07-17 01:12:20'),
(933, 48, 'test', 4, 1, 1, '2024-07-17 01:12:21', '2024-07-17 01:12:21'),
(934, 48, 'test', 4, 1, 1, '2024-07-17 01:12:22', '2024-07-17 01:12:22'),
(935, 48, 'test', 4, 1, 1, '2024-07-17 01:12:24', '2024-07-17 01:12:24'),
(936, 48, 'test', 4, 1, 1, '2024-07-17 01:12:25', '2024-07-17 01:12:25'),
(937, 48, 'test', 4, 1, 1, '2024-07-17 01:12:27', '2024-07-17 01:12:27'),
(938, 48, 'test', 4, 1, 1, '2024-07-17 01:12:29', '2024-07-17 01:12:29'),
(939, 48, 'test', 4, 1, 1, '2024-07-17 01:12:30', '2024-07-17 01:12:30'),
(940, 48, 'test', 4, 1, 1, '2024-07-17 01:12:32', '2024-07-17 01:12:32'),
(941, 48, 'test', 4, 1, 1, '2024-07-17 01:12:33', '2024-07-17 01:12:33'),
(942, 48, 'test', 4, 1, 1, '2024-07-17 01:12:35', '2024-07-17 01:12:35'),
(943, 48, 'test', 4, 1, 1, '2024-07-17 01:12:36', '2024-07-17 01:12:36'),
(944, 48, 'test', 4, 1, 1, '2024-07-17 01:12:38', '2024-07-17 01:12:38'),
(945, 48, 'test', 4, 1, 1, '2024-07-17 01:12:39', '2024-07-17 01:12:39'),
(946, 48, 'test', 4, 1, 1, '2024-07-17 01:12:40', '2024-07-17 01:12:40'),
(947, 48, 'test', 4, 1, 1, '2024-07-17 01:12:42', '2024-07-17 01:12:42'),
(948, 48, 'test', 4, 1, 1, '2024-07-17 01:12:43', '2024-07-17 01:12:43'),
(949, 48, 'test', 4, 1, 1, '2024-07-17 01:12:45', '2024-07-17 01:12:45'),
(950, 48, 'test', 4, 1, 1, '2024-07-17 01:12:46', '2024-07-17 01:12:46'),
(951, 48, 'test', 4, 1, 1, '2024-07-17 01:12:47', '2024-07-17 01:12:47'),
(952, 48, 'test', 4, 1, 1, '2024-07-17 01:12:49', '2024-07-17 01:12:49'),
(953, 48, 'test', 4, 1, 1, '2024-07-17 01:12:50', '2024-07-17 01:12:50'),
(954, 48, 'test', 4, 1, 1, '2024-07-17 01:12:52', '2024-07-17 01:12:52'),
(955, 48, 'test', 4, 1, 1, '2024-07-17 01:12:53', '2024-07-17 01:12:53'),
(956, 48, 'test', 4, 1, 1, '2024-07-17 01:12:55', '2024-07-17 01:12:55'),
(957, 48, 'test', 4, 1, 1, '2024-07-17 01:12:56', '2024-07-17 01:12:56'),
(958, 48, 'test', 4, 1, 1, '2024-07-17 01:12:58', '2024-07-17 01:12:58'),
(959, 48, 'test', 4, 1, 1, '2024-07-17 01:12:59', '2024-07-17 01:12:59'),
(960, 48, 'test', 4, 1, 1, '2024-07-17 01:13:01', '2024-07-17 01:13:01'),
(961, 48, 'test', 4, 1, 1, '2024-07-17 01:13:03', '2024-07-17 01:13:03'),
(962, 48, 'test', 4, 1, 1, '2024-07-17 01:13:05', '2024-07-17 01:13:05'),
(963, 48, 'test', 4, 1, 1, '2024-07-17 01:13:07', '2024-07-17 01:13:07'),
(964, 48, 'test', 4, 1, 1, '2024-07-17 01:13:09', '2024-07-17 01:13:09'),
(965, 48, 'test', 4, 1, 1, '2024-07-17 01:13:11', '2024-07-17 01:13:11'),
(966, 48, 'test', 4, 1, 1, '2024-07-17 01:13:13', '2024-07-17 01:13:13'),
(967, 48, 'test', 4, 1, 1, '2024-07-17 01:13:15', '2024-07-17 01:13:15'),
(968, 48, 'test', 4, 1, 1, '2024-07-17 01:13:17', '2024-07-17 01:13:17'),
(969, 48, 'test', 4, 1, 1, '2024-07-17 01:13:19', '2024-07-17 01:13:19'),
(970, 48, 'test', 4, 1, 1, '2024-07-17 01:13:21', '2024-07-17 01:13:21'),
(971, 48, 'test', 4, 1, 1, '2024-07-17 01:13:23', '2024-07-17 01:13:23'),
(972, 48, 'test', 4, 1, 1, '2024-07-17 01:13:25', '2024-07-17 01:13:25'),
(973, 48, 'test', 4, 1, 1, '2024-07-17 01:13:27', '2024-07-17 01:13:27'),
(974, 48, 'test', 4, 1, 1, '2024-07-17 01:13:29', '2024-07-17 01:13:29'),
(975, 48, 'test', 4, 1, 1, '2024-07-17 01:13:31', '2024-07-17 01:13:31'),
(976, 48, 'test', 4, 1, 1, '2024-07-17 01:13:33', '2024-07-17 01:13:33'),
(977, 48, 'test', 4, 1, 1, '2024-07-17 01:13:35', '2024-07-17 01:13:35'),
(978, 48, 'test', 4, 1, 1, '2024-07-17 01:13:37', '2024-07-17 01:13:37'),
(979, 48, 'test', 4, 1, 1, '2024-07-17 01:13:39', '2024-07-17 01:13:39'),
(980, 48, 'test', 4, 1, 1, '2024-07-17 01:13:41', '2024-07-17 01:13:41'),
(981, 48, 'test', 4, 1, 1, '2024-07-17 01:13:43', '2024-07-17 01:13:43'),
(982, 48, 'test', 4, 1, 1, '2024-07-17 01:13:45', '2024-07-17 01:13:45'),
(983, 48, 'test', 4, 1, 1, '2024-07-17 01:13:47', '2024-07-17 01:13:47'),
(984, 48, 'test', 4, 1, 1, '2024-07-17 01:13:49', '2024-07-17 01:13:49'),
(985, 48, 'test', 4, 1, 1, '2024-07-17 01:13:51', '2024-07-17 01:13:51'),
(986, 48, 'test', 4, 1, 1, '2024-07-17 01:13:53', '2024-07-17 01:13:53'),
(987, 48, 'test', 4, 1, 1, '2024-07-17 01:13:55', '2024-07-17 01:13:55'),
(988, 48, 'test', 4, 1, 1, '2024-07-17 01:13:58', '2024-07-17 01:13:58'),
(989, 48, 'test', 4, 1, 1, '2024-07-17 01:13:59', '2024-07-17 01:13:59'),
(990, 48, 'test', 4, 1, 1, '2024-07-17 01:14:01', '2024-07-17 01:14:01'),
(991, 48, 'test', 4, 1, 1, '2024-07-17 01:14:02', '2024-07-17 01:14:02'),
(992, 48, 'test', 4, 1, 1, '2024-07-17 01:14:03', '2024-07-17 01:14:03'),
(993, 48, 'test', 4, 1, 1, '2024-07-17 01:14:05', '2024-07-17 01:14:05'),
(994, 48, 'test', 4, 1, 1, '2024-07-17 01:14:06', '2024-07-17 01:14:06'),
(995, 48, 'test', 4, 1, 1, '2024-07-17 01:14:07', '2024-07-17 01:14:07'),
(996, 48, 'test', 4, 1, 1, '2024-07-17 01:14:09', '2024-07-17 01:14:09'),
(997, 48, 'test', 4, 1, 1, '2024-07-17 01:14:10', '2024-07-17 01:14:10'),
(998, 48, 'test', 4, 1, 1, '2024-07-17 01:14:12', '2024-07-17 01:14:12'),
(999, 48, 'test', 4, 1, 1, '2024-07-17 01:14:13', '2024-07-17 01:14:13'),
(1000, 48, 'test', 4, 1, 1, '2024-07-17 01:14:15', '2024-07-17 01:14:15'),
(1001, 48, 'test', 4, 1, 1, '2024-07-17 01:14:16', '2024-07-17 01:14:16'),
(1002, 48, 'test', 4, 1, 1, '2024-07-17 01:14:18', '2024-07-17 01:14:18'),
(1003, 48, 'test', 4, 1, 1, '2024-07-17 01:14:19', '2024-07-17 01:14:19'),
(1004, 48, 'test', 4, 1, 1, '2024-07-17 01:14:21', '2024-07-17 01:14:21'),
(1005, 48, 'test', 4, 1, 1, '2024-07-17 01:14:23', '2024-07-17 01:14:23'),
(1006, 48, 'test', 4, 1, 1, '2024-07-17 01:14:24', '2024-07-17 01:14:24'),
(1007, 48, 'test', 4, 1, 1, '2024-07-17 01:14:25', '2024-07-17 01:14:25'),
(1008, 48, 'test', 4, 1, 1, '2024-07-17 01:14:26', '2024-07-17 01:14:26'),
(1009, 48, 'test', 4, 1, 1, '2024-07-17 01:14:28', '2024-07-17 01:14:28'),
(1010, 48, 'test', 4, 1, 1, '2024-07-17 01:14:29', '2024-07-17 01:14:29'),
(1011, 48, 'test', 4, 1, 1, '2024-07-17 01:14:30', '2024-07-17 01:14:30'),
(1012, 48, 'test', 4, 1, 1, '2024-07-17 01:14:32', '2024-07-17 01:14:32'),
(1013, 48, 'test', 4, 1, 1, '2024-07-17 01:14:33', '2024-07-17 01:14:33'),
(1014, 48, 'test', 4, 1, 1, '2024-07-17 01:14:35', '2024-07-17 01:14:35'),
(1015, 48, 'test', 4, 1, 1, '2024-07-17 01:14:36', '2024-07-17 01:14:36'),
(1016, 48, 'test', 4, 1, 1, '2024-07-17 01:14:37', '2024-07-17 01:14:37'),
(1017, 48, 'test', 4, 1, 1, '2024-07-17 01:14:39', '2024-07-17 01:14:39'),
(1018, 48, 'test', 4, 1, 1, '2024-07-17 01:14:40', '2024-07-17 01:14:40'),
(1019, 48, 'test', 4, 1, 1, '2024-07-17 01:14:41', '2024-07-17 01:14:41'),
(1020, 48, 'test', 4, 1, 1, '2024-07-17 01:14:43', '2024-07-17 01:14:43'),
(1021, 48, 'test', 4, 1, 1, '2024-07-17 01:14:44', '2024-07-17 01:14:44'),
(1022, 48, 'test', 4, 1, 1, '2024-07-17 01:14:45', '2024-07-17 01:14:45'),
(1023, 48, 'test', 4, 1, 1, '2024-07-17 01:14:47', '2024-07-17 01:14:47'),
(1024, 48, 'test', 4, 1, 1, '2024-07-17 01:14:48', '2024-07-17 01:14:48'),
(1025, 48, 'test', 4, 1, 1, '2024-07-17 01:14:49', '2024-07-17 01:14:49'),
(1026, 48, 'test', 4, 1, 1, '2024-07-17 01:14:51', '2024-07-17 01:14:51'),
(1027, 48, 'test', 4, 1, 1, '2024-07-17 01:14:53', '2024-07-17 01:14:53'),
(1028, 48, 'test', 4, 1, 1, '2024-07-17 01:14:54', '2024-07-17 01:14:54'),
(1029, 48, 'test', 4, 1, 1, '2024-07-17 01:14:55', '2024-07-17 01:14:55'),
(1030, 48, 'test', 4, 1, 1, '2024-07-17 01:14:57', '2024-07-17 01:14:57'),
(1031, 48, 'test', 4, 1, 1, '2024-07-17 01:14:58', '2024-07-17 01:14:58'),
(1032, 48, 'test', 4, 1, 1, '2024-07-17 01:14:59', '2024-07-17 01:14:59'),
(1033, 48, 'test', 4, 1, 1, '2024-07-17 01:15:01', '2024-07-17 01:15:01'),
(1034, 48, 'test', 4, 1, 1, '2024-07-17 01:15:02', '2024-07-17 01:15:02'),
(1035, 48, 'test', 4, 1, 1, '2024-07-17 01:15:04', '2024-07-17 01:15:04'),
(1036, 48, 'test', 4, 1, 1, '2024-07-17 01:15:05', '2024-07-17 01:15:05'),
(1037, 48, 'test', 4, 1, 1, '2024-07-17 01:15:06', '2024-07-17 01:15:06'),
(1038, 48, 'test', 4, 1, 1, '2024-07-17 01:15:08', '2024-07-17 01:15:08'),
(1039, 48, 'test', 4, 1, 1, '2024-07-17 01:15:09', '2024-07-17 01:15:09'),
(1040, 48, 'test', 4, 1, 1, '2024-07-17 01:15:10', '2024-07-17 01:15:10'),
(1041, 48, 'test', 4, 1, 1, '2024-07-17 01:15:11', '2024-07-17 01:15:11'),
(1042, 48, 'test', 4, 1, 1, '2024-07-17 01:15:13', '2024-07-17 01:15:13'),
(1043, 48, 'test', 4, 1, 1, '2024-07-17 01:15:14', '2024-07-17 01:15:14'),
(1044, 48, 'test', 4, 1, 1, '2024-07-17 01:15:15', '2024-07-17 01:15:15'),
(1045, 48, 'test', 4, 1, 1, '2024-07-17 01:15:17', '2024-07-17 01:15:17'),
(1046, 48, 'test', 4, 1, 1, '2024-07-17 01:15:18', '2024-07-17 01:15:18'),
(1047, 48, 'test', 4, 1, 1, '2024-07-17 01:15:19', '2024-07-17 01:15:19'),
(1048, 48, 'test', 4, 1, 1, '2024-07-17 01:15:21', '2024-07-17 01:15:21'),
(1049, 48, 'test', 4, 1, 1, '2024-07-17 01:15:22', '2024-07-17 01:15:22'),
(1050, 48, 'test', 4, 1, 1, '2024-07-17 01:15:24', '2024-07-17 01:15:24'),
(1051, 48, 'test', 4, 1, 1, '2024-07-17 01:15:25', '2024-07-17 01:15:25'),
(1052, 48, 'test', 4, 1, 1, '2024-07-17 01:15:27', '2024-07-17 01:15:27'),
(1053, 48, 'test', 4, 1, 1, '2024-07-17 01:15:28', '2024-07-17 01:15:28'),
(1054, 48, 'test', 4, 1, 1, '2024-07-17 01:15:29', '2024-07-17 01:15:29'),
(1055, 48, 'test', 4, 1, 1, '2024-07-17 01:15:31', '2024-07-17 01:15:31'),
(1056, 48, 'test', 4, 1, 1, '2024-07-17 01:15:32', '2024-07-17 01:15:32'),
(1057, 48, 'test', 4, 1, 1, '2024-07-17 01:15:33', '2024-07-17 01:15:33'),
(1058, 48, 'test', 4, 1, 1, '2024-07-17 01:15:34', '2024-07-17 01:15:34'),
(1059, 48, 'test', 4, 1, 1, '2024-07-17 01:15:36', '2024-07-17 01:15:36'),
(1060, 48, 'test', 4, 1, 1, '2024-07-17 01:15:38', '2024-07-17 01:15:38'),
(1061, 48, 'test', 4, 1, 1, '2024-07-17 01:15:40', '2024-07-17 01:15:40'),
(1062, 48, 'test', 4, 1, 1, '2024-07-17 01:15:42', '2024-07-17 01:15:42'),
(1063, 48, 'test', 4, 1, 1, '2024-07-17 01:15:43', '2024-07-17 01:15:43'),
(1064, 48, 'test', 4, 1, 1, '2024-07-17 01:15:44', '2024-07-17 01:15:44'),
(1065, 48, 'test', 4, 1, 1, '2024-07-17 01:15:46', '2024-07-17 01:15:46'),
(1066, 48, 'test', 4, 1, 1, '2024-07-17 01:15:47', '2024-07-17 01:15:47'),
(1067, 48, 'test', 4, 1, 1, '2024-07-17 01:15:48', '2024-07-17 01:15:48'),
(1068, 48, 'test', 4, 1, 1, '2024-07-17 01:15:50', '2024-07-17 01:15:50'),
(1069, 48, 'test', 4, 1, 1, '2024-07-17 01:15:51', '2024-07-17 01:15:51'),
(1070, 48, 'test', 4, 1, 1, '2024-07-17 01:15:52', '2024-07-17 01:15:52'),
(1071, 48, 'test', 4, 1, 1, '2024-07-17 01:15:54', '2024-07-17 01:15:54'),
(1072, 48, 'test', 4, 1, 1, '2024-07-17 01:15:55', '2024-07-17 01:15:55'),
(1073, 48, 'test', 4, 1, 1, '2024-07-17 01:15:56', '2024-07-17 01:15:56'),
(1074, 48, 'test', 4, 1, 1, '2024-07-17 01:15:58', '2024-07-17 01:15:58'),
(1075, 48, 'test', 4, 1, 1, '2024-07-17 01:15:59', '2024-07-17 01:15:59'),
(1076, 48, 'test', 4, 1, 1, '2024-07-17 01:16:01', '2024-07-17 01:16:01'),
(1077, 48, 'test', 4, 1, 1, '2024-07-17 01:16:02', '2024-07-17 01:16:02'),
(1078, 48, 'test', 4, 1, 1, '2024-07-17 01:16:04', '2024-07-17 01:16:04'),
(1079, 48, 'test', 4, 1, 1, '2024-07-17 01:16:05', '2024-07-17 01:16:05'),
(1080, 48, 'test', 4, 1, 1, '2024-07-17 01:16:06', '2024-07-17 01:16:06'),
(1081, 48, 'test', 4, 1, 1, '2024-07-17 01:16:08', '2024-07-17 01:16:08'),
(1082, 48, 'test', 4, 1, 1, '2024-07-17 01:16:09', '2024-07-17 01:16:09'),
(1083, 48, 'test', 4, 1, 1, '2024-07-17 01:16:10', '2024-07-17 01:16:10'),
(1084, 48, 'test', 4, 1, 1, '2024-07-17 01:16:11', '2024-07-17 01:16:11'),
(1085, 48, 'test', 4, 1, 1, '2024-07-17 01:16:13', '2024-07-17 01:16:13'),
(1086, 48, 'test', 4, 1, 1, '2024-07-17 01:16:14', '2024-07-17 01:16:14'),
(1087, 48, 'test', 4, 1, 1, '2024-07-17 01:16:16', '2024-07-17 01:16:16'),
(1088, 48, 'test', 4, 1, 1, '2024-07-17 01:16:17', '2024-07-17 01:16:17'),
(1089, 48, 'test', 4, 1, 1, '2024-07-17 01:16:18', '2024-07-17 01:16:18'),
(1090, 48, 'test', 4, 1, 1, '2024-07-17 01:16:20', '2024-07-17 01:16:20'),
(1091, 48, 'test', 4, 1, 1, '2024-07-17 01:16:22', '2024-07-17 01:16:22'),
(1092, 48, 'test', 4, 1, 1, '2024-07-17 01:16:24', '2024-07-17 01:16:24'),
(1093, 48, 'test', 4, 1, 1, '2024-07-17 01:16:26', '2024-07-17 01:16:26'),
(1094, 48, 'test', 4, 1, 1, '2024-07-17 01:16:28', '2024-07-17 01:16:28'),
(1095, 48, 'test', 4, 1, 1, '2024-07-17 01:16:30', '2024-07-17 01:16:30'),
(1096, 48, 'test', 4, 1, 1, '2024-07-17 01:16:32', '2024-07-17 01:16:32'),
(1097, 48, 'test', 4, 1, 1, '2024-07-17 01:16:34', '2024-07-17 01:16:34'),
(1098, 48, 'test', 4, 1, 1, '2024-07-17 01:16:36', '2024-07-17 01:16:36'),
(1099, 48, 'test', 4, 1, 1, '2024-07-17 01:16:38', '2024-07-17 01:16:38'),
(1100, 48, 'test', 4, 1, 1, '2024-07-17 01:16:40', '2024-07-17 01:16:40'),
(1101, 48, 'test', 4, 1, 1, '2024-07-17 01:16:42', '2024-07-17 01:16:42'),
(1102, 48, 'test', 4, 1, 1, '2024-07-17 01:16:44', '2024-07-17 01:16:44'),
(1103, 48, 'test', 4, 1, 1, '2024-07-17 01:16:46', '2024-07-17 01:16:46'),
(1104, 48, 'test', 4, 1, 1, '2024-07-17 01:16:48', '2024-07-17 01:16:48'),
(1105, 48, 'test', 4, 1, 1, '2024-07-17 01:16:50', '2024-07-17 01:16:50'),
(1106, 48, 'test', 4, 1, 1, '2024-07-17 01:16:52', '2024-07-17 01:16:52'),
(1107, 48, 'test', 4, 1, 1, '2024-07-17 01:16:54', '2024-07-17 01:16:54'),
(1108, 48, 'test', 4, 1, 1, '2024-07-17 01:16:57', '2024-07-17 01:16:57'),
(1109, 48, 'test', 4, 1, 1, '2024-07-17 01:16:58', '2024-07-17 01:16:58'),
(1110, 48, 'test', 4, 1, 1, '2024-07-17 01:17:00', '2024-07-17 01:17:00'),
(1111, 48, 'test', 4, 1, 1, '2024-07-17 01:17:02', '2024-07-17 01:17:02'),
(1112, 48, 'test', 4, 1, 1, '2024-07-17 01:17:04', '2024-07-17 01:17:04'),
(1113, 48, 'test', 4, 1, 1, '2024-07-17 01:17:06', '2024-07-17 01:17:06'),
(1114, 48, 'test', 4, 1, 1, '2024-07-17 01:17:08', '2024-07-17 01:17:08'),
(1115, 48, 'test', 4, 1, 1, '2024-07-17 01:17:10', '2024-07-17 01:17:10'),
(1116, 48, 'test', 4, 1, 1, '2024-07-17 01:17:12', '2024-07-17 01:17:12'),
(1117, 48, 'test', 4, 1, 1, '2024-07-17 01:17:14', '2024-07-17 01:17:14'),
(1118, 48, 'test', 4, 1, 1, '2024-07-17 01:17:16', '2024-07-17 01:17:16'),
(1119, 48, 'test', 4, 1, 1, '2024-07-17 01:17:18', '2024-07-17 01:17:18'),
(1120, 48, 'test', 4, 1, 1, '2024-07-17 01:17:20', '2024-07-17 01:17:20'),
(1121, 48, 'test', 4, 1, 1, '2024-07-17 01:17:21', '2024-07-17 01:17:21'),
(1122, 48, 'test', 4, 1, 1, '2024-07-17 01:17:23', '2024-07-17 01:17:23'),
(1123, 48, 'test', 4, 1, 1, '2024-07-17 01:17:24', '2024-07-17 01:17:24'),
(1124, 48, 'test', 4, 1, 1, '2024-07-17 01:17:25', '2024-07-17 01:17:25'),
(1125, 48, 'test', 4, 1, 1, '2024-07-17 01:17:27', '2024-07-17 01:17:27'),
(1126, 48, 'test', 4, 1, 1, '2024-07-17 01:17:28', '2024-07-17 01:17:28'),
(1127, 48, 'test', 4, 1, 1, '2024-07-17 01:17:30', '2024-07-17 01:17:30'),
(1128, 48, 'test', 4, 1, 1, '2024-07-17 01:17:31', '2024-07-17 01:17:31'),
(1129, 48, 'test', 4, 1, 1, '2024-07-17 01:17:33', '2024-07-17 01:17:33'),
(1130, 48, 'test', 4, 1, 1, '2024-07-17 01:17:34', '2024-07-17 01:17:34'),
(1131, 48, 'test', 4, 1, 1, '2024-07-17 01:17:36', '2024-07-17 01:17:36'),
(1132, 48, 'test', 4, 1, 1, '2024-07-17 01:17:37', '2024-07-17 01:17:37'),
(1133, 48, 'test', 4, 1, 1, '2024-07-17 01:17:39', '2024-07-17 01:17:39'),
(1134, 48, 'test', 4, 1, 1, '2024-07-17 01:17:40', '2024-07-17 01:17:40'),
(1135, 48, 'test', 4, 1, 1, '2024-07-17 01:17:42', '2024-07-17 01:17:42'),
(1136, 48, 'test', 4, 1, 1, '2024-07-17 01:17:43', '2024-07-17 01:17:43'),
(1137, 48, 'test', 4, 1, 1, '2024-07-17 01:17:44', '2024-07-17 01:17:44'),
(1138, 48, 'test', 4, 1, 1, '2024-07-17 01:17:46', '2024-07-17 01:17:46'),
(1139, 48, 'test', 4, 1, 1, '2024-07-17 01:17:47', '2024-07-17 01:17:47'),
(1140, 48, 'test', 4, 1, 1, '2024-07-17 01:17:48', '2024-07-17 01:17:48'),
(1141, 48, 'test', 4, 1, 1, '2024-07-17 01:17:50', '2024-07-17 01:17:50'),
(1142, 48, 'test', 4, 1, 1, '2024-07-17 01:17:51', '2024-07-17 01:17:51'),
(1143, 48, 'test', 4, 1, 1, '2024-07-17 01:17:53', '2024-07-17 01:17:53'),
(1144, 48, 'test', 4, 1, 1, '2024-07-17 01:17:54', '2024-07-17 01:17:54'),
(1145, 48, 'test', 4, 1, 1, '2024-07-17 01:17:56', '2024-07-17 01:17:56'),
(1146, 48, 'test', 4, 1, 1, '2024-07-17 01:17:57', '2024-07-17 01:17:57'),
(1147, 48, 'test', 4, 1, 1, '2024-07-17 01:17:59', '2024-07-17 01:17:59'),
(1148, 48, 'test', 4, 1, 1, '2024-07-17 01:18:00', '2024-07-17 01:18:00'),
(1149, 48, 'test', 4, 1, 1, '2024-07-17 01:18:02', '2024-07-17 01:18:02'),
(1150, 48, 'test', 4, 1, 1, '2024-07-17 01:18:03', '2024-07-17 01:18:03'),
(1151, 48, 'test', 4, 1, 1, '2024-07-17 01:18:04', '2024-07-17 01:18:04'),
(1152, 48, 'test', 4, 1, 1, '2024-07-17 01:18:06', '2024-07-17 01:18:06'),
(1153, 48, 'test', 4, 1, 1, '2024-07-17 01:18:07', '2024-07-17 01:18:07'),
(1154, 48, 'test', 4, 1, 1, '2024-07-17 01:18:08', '2024-07-17 01:18:08'),
(1155, 48, 'test', 4, 1, 1, '2024-07-17 01:18:10', '2024-07-17 01:18:10'),
(1156, 48, 'test', 4, 1, 1, '2024-07-17 01:18:11', '2024-07-17 01:18:11'),
(1157, 48, 'test', 4, 1, 1, '2024-07-17 01:18:12', '2024-07-17 01:18:12'),
(1158, 48, 'test', 4, 1, 1, '2024-07-17 01:18:14', '2024-07-17 01:18:14'),
(1159, 48, 'test', 4, 1, 1, '2024-07-17 01:18:15', '2024-07-17 01:18:15'),
(1160, 48, 'test', 4, 1, 1, '2024-07-17 01:18:16', '2024-07-17 01:18:16'),
(1161, 48, 'test', 4, 1, 1, '2024-07-17 01:18:18', '2024-07-17 01:18:18'),
(1162, 48, 'test', 4, 1, 1, '2024-07-17 01:18:19', '2024-07-17 01:18:19'),
(1163, 48, 'test', 4, 1, 1, '2024-07-17 01:18:21', '2024-07-17 01:18:21'),
(1164, 48, 'test', 4, 1, 1, '2024-07-17 01:18:22', '2024-07-17 01:18:22'),
(1165, 48, 'test', 4, 1, 1, '2024-07-17 01:18:23', '2024-07-17 01:18:23'),
(1166, 48, 'test', 4, 1, 1, '2024-07-17 01:18:25', '2024-07-17 01:18:25'),
(1167, 48, 'test', 4, 1, 1, '2024-07-17 01:18:26', '2024-07-17 01:18:26'),
(1168, 48, 'test', 4, 1, 1, '2024-07-17 01:18:27', '2024-07-17 01:18:27'),
(1169, 48, 'test', 4, 1, 1, '2024-07-17 01:18:29', '2024-07-17 01:18:29'),
(1170, 48, 'test', 4, 1, 1, '2024-07-17 01:18:30', '2024-07-17 01:18:30'),
(1171, 48, 'test', 4, 1, 1, '2024-07-17 01:18:31', '2024-07-17 01:18:31'),
(1172, 48, 'test', 4, 1, 1, '2024-07-17 01:18:33', '2024-07-17 01:18:33'),
(1173, 48, 'test', 4, 1, 1, '2024-07-17 01:18:34', '2024-07-17 01:18:34'),
(1174, 48, 'test', 4, 1, 1, '2024-07-17 01:18:35', '2024-07-17 01:18:35'),
(1175, 48, 'test', 4, 1, 1, '2024-07-17 01:18:37', '2024-07-17 01:18:37'),
(1176, 48, 'test', 4, 1, 1, '2024-07-17 01:18:38', '2024-07-17 01:18:38'),
(1177, 48, 'test', 4, 1, 1, '2024-07-17 01:18:40', '2024-07-17 01:18:40'),
(1178, 48, 'test', 4, 1, 1, '2024-07-17 01:18:41', '2024-07-17 01:18:41'),
(1179, 48, 'test', 4, 1, 1, '2024-07-17 01:18:42', '2024-07-17 01:18:42'),
(1180, 48, 'test', 4, 1, 1, '2024-07-17 01:18:44', '2024-07-17 01:18:44'),
(1181, 48, 'test', 4, 1, 1, '2024-07-17 01:18:45', '2024-07-17 01:18:45'),
(1182, 48, 'test', 4, 1, 1, '2024-07-17 01:18:47', '2024-07-17 01:18:47'),
(1183, 48, 'test', 4, 1, 1, '2024-07-17 01:18:48', '2024-07-17 01:18:48'),
(1184, 48, 'test', 4, 1, 1, '2024-07-17 01:18:49', '2024-07-17 01:18:49'),
(1185, 48, 'test', 4, 1, 1, '2024-07-17 01:18:50', '2024-07-17 01:18:50'),
(1186, 48, 'test', 4, 1, 1, '2024-07-17 01:18:52', '2024-07-17 01:18:52'),
(1187, 48, 'test', 4, 1, 1, '2024-07-17 01:18:53', '2024-07-17 01:18:53'),
(1188, 48, 'test', 4, 1, 1, '2024-07-17 01:18:54', '2024-07-17 01:18:54'),
(1189, 48, 'test', 4, 1, 1, '2024-07-17 01:18:56', '2024-07-17 01:18:56'),
(1190, 48, 'test', 4, 1, 1, '2024-07-17 01:18:57', '2024-07-17 01:18:57'),
(1191, 48, 'test', 4, 1, 1, '2024-07-17 01:18:58', '2024-07-17 01:18:58'),
(1192, 48, 'test', 4, 1, 1, '2024-07-17 01:19:00', '2024-07-17 01:19:00'),
(1193, 48, 'test', 4, 1, 1, '2024-07-17 01:19:01', '2024-07-17 01:19:01'),
(1194, 48, 'test', 4, 1, 1, '2024-07-17 01:19:02', '2024-07-17 01:19:02'),
(1195, 48, 'test', 4, 1, 1, '2024-07-17 01:19:04', '2024-07-17 01:19:04'),
(1196, 48, 'test', 4, 1, 1, '2024-07-17 01:19:05', '2024-07-17 01:19:05'),
(1197, 48, 'test', 4, 1, 1, '2024-07-17 01:19:07', '2024-07-17 01:19:07'),
(1198, 48, 'test', 4, 1, 1, '2024-07-17 01:19:08', '2024-07-17 01:19:08'),
(1199, 48, 'test', 4, 1, 1, '2024-07-17 01:19:09', '2024-07-17 01:19:09'),
(1200, 48, 'test', 4, 1, 1, '2024-07-17 01:19:10', '2024-07-17 01:19:10'),
(1201, 48, 'test', 4, 1, 1, '2024-07-17 01:19:12', '2024-07-17 01:19:12'),
(1202, 48, 'test', 4, 1, 1, '2024-07-17 01:19:13', '2024-07-17 01:19:13'),
(1203, 48, 'test', 4, 1, 1, '2024-07-17 01:19:15', '2024-07-17 01:19:15'),
(1204, 48, 'test', 4, 1, 1, '2024-07-17 01:19:16', '2024-07-17 01:19:16'),
(1205, 48, 'test', 4, 1, 1, '2024-07-17 01:19:18', '2024-07-17 01:19:18'),
(1206, 48, 'test', 4, 1, 1, '2024-07-17 01:19:19', '2024-07-17 01:19:19'),
(1207, 48, 'test', 4, 1, 1, '2024-07-17 01:19:21', '2024-07-17 01:19:21'),
(1208, 48, 'test', 4, 1, 1, '2024-07-17 01:19:23', '2024-07-17 01:19:23'),
(1209, 48, 'test', 4, 1, 1, '2024-07-17 01:19:25', '2024-07-17 01:19:25'),
(1210, 48, 'test', 4, 1, 1, '2024-07-17 01:19:28', '2024-07-17 01:19:28'),
(1211, 48, 'test', 4, 1, 1, '2024-07-17 01:19:29', '2024-07-17 01:19:29'),
(1212, 48, 'test', 4, 1, 1, '2024-07-17 01:19:31', '2024-07-17 01:19:31'),
(1213, 48, 'test', 4, 1, 1, '2024-07-17 01:19:33', '2024-07-17 01:19:33'),
(1214, 48, 'test', 4, 1, 1, '2024-07-17 01:19:34', '2024-07-17 01:19:34'),
(1215, 48, 'test', 4, 1, 1, '2024-07-17 01:19:36', '2024-07-17 01:19:36'),
(1216, 48, 'test', 4, 1, 1, '2024-07-17 01:19:37', '2024-07-17 01:19:37'),
(1217, 48, 'test', 4, 1, 1, '2024-07-17 01:19:39', '2024-07-17 01:19:39'),
(1218, 48, 'test', 4, 1, 1, '2024-07-17 01:19:40', '2024-07-17 01:19:40'),
(1219, 48, 'test', 4, 1, 1, '2024-07-17 01:19:41', '2024-07-17 01:19:41'),
(1220, 48, 'test', 4, 1, 1, '2024-07-17 01:19:43', '2024-07-17 01:19:43'),
(1221, 48, 'test', 4, 1, 1, '2024-07-17 01:19:44', '2024-07-17 01:19:44'),
(1222, 48, 'test', 4, 1, 1, '2024-07-17 01:19:45', '2024-07-17 01:19:45'),
(1223, 48, 'test', 4, 1, 1, '2024-07-17 01:19:47', '2024-07-17 01:19:47'),
(1224, 48, 'test', 4, 1, 1, '2024-07-17 01:19:48', '2024-07-17 01:19:48'),
(1225, 48, 'test', 4, 1, 1, '2024-07-17 01:19:50', '2024-07-17 01:19:50'),
(1226, 48, 'test', 4, 1, 1, '2024-07-17 01:19:51', '2024-07-17 01:19:51'),
(1227, 48, 'test', 4, 1, 1, '2024-07-17 01:19:53', '2024-07-17 01:19:53'),
(1228, 48, 'test', 4, 1, 1, '2024-07-17 01:19:54', '2024-07-17 01:19:54'),
(1229, 48, 'test', 4, 1, 1, '2024-07-17 01:19:56', '2024-07-17 01:19:56'),
(1230, 48, 'test', 4, 1, 1, '2024-07-17 01:19:58', '2024-07-17 01:19:58'),
(1231, 48, 'test', 4, 1, 1, '2024-07-17 01:19:59', '2024-07-17 01:19:59'),
(1232, 48, 'test', 4, 1, 1, '2024-07-17 01:20:01', '2024-07-17 01:20:01'),
(1233, 48, 'test', 4, 1, 1, '2024-07-17 01:20:02', '2024-07-17 01:20:02'),
(1234, 48, 'test', 4, 1, 1, '2024-07-17 01:20:04', '2024-07-17 01:20:04'),
(1235, 48, 'test', 4, 1, 1, '2024-07-17 01:20:05', '2024-07-17 01:20:05'),
(1236, 48, 'test', 4, 1, 1, '2024-07-17 01:20:07', '2024-07-17 01:20:07'),
(1237, 48, 'test', 4, 1, 1, '2024-07-17 01:20:08', '2024-07-17 01:20:08'),
(1238, 48, 'test', 4, 1, 1, '2024-07-17 01:20:09', '2024-07-17 01:20:09'),
(1239, 48, 'test', 4, 1, 1, '2024-07-17 01:20:11', '2024-07-17 01:20:11'),
(1240, 48, 'test', 4, 1, 1, '2024-07-17 01:20:13', '2024-07-17 01:20:13'),
(1241, 48, 'test', 4, 1, 1, '2024-07-17 01:20:14', '2024-07-17 01:20:14'),
(1242, 48, 'test', 4, 1, 1, '2024-07-17 01:20:15', '2024-07-17 01:20:15'),
(1243, 48, 'test', 4, 1, 1, '2024-07-17 01:20:17', '2024-07-17 01:20:17'),
(1244, 48, 'test', 4, 1, 1, '2024-07-17 01:20:18', '2024-07-17 01:20:18'),
(1245, 48, 'test', 4, 1, 1, '2024-07-17 01:20:19', '2024-07-17 01:20:19'),
(1246, 48, 'test', 4, 1, 1, '2024-07-17 01:20:20', '2024-07-17 01:20:20'),
(1247, 48, 'test', 4, 1, 1, '2024-07-17 01:20:22', '2024-07-17 01:20:22'),
(1248, 48, 'test', 4, 1, 1, '2024-07-17 01:20:23', '2024-07-17 01:20:23'),
(1249, 48, 'test', 4, 1, 1, '2024-07-17 01:20:24', '2024-07-17 01:20:24'),
(1250, 48, 'test', 4, 1, 1, '2024-07-17 01:20:26', '2024-07-17 01:20:26'),
(1251, 48, 'test', 4, 1, 1, '2024-07-17 01:20:27', '2024-07-17 01:20:27'),
(1252, 48, 'test', 4, 1, 1, '2024-07-17 01:20:28', '2024-07-17 01:20:28'),
(1253, 48, 'test', 4, 1, 1, '2024-07-17 01:20:30', '2024-07-17 01:20:30'),
(1254, 48, 'test', 4, 1, 1, '2024-07-17 01:20:31', '2024-07-17 01:20:31'),
(1255, 48, 'test', 4, 1, 1, '2024-07-17 01:20:32', '2024-07-17 01:20:32'),
(1256, 48, 'test', 4, 1, 1, '2024-07-17 01:20:34', '2024-07-17 01:20:34'),
(1257, 48, 'test', 4, 1, 1, '2024-07-17 01:20:35', '2024-07-17 01:20:35'),
(1258, 48, 'test', 4, 1, 1, '2024-07-17 01:20:37', '2024-07-17 01:20:37'),
(1259, 48, 'test', 4, 1, 1, '2024-07-17 01:20:38', '2024-07-17 01:20:38'),
(1260, 48, 'test', 4, 1, 1, '2024-07-17 01:20:39', '2024-07-17 01:20:39'),
(1261, 48, 'test', 4, 1, 1, '2024-07-17 01:20:41', '2024-07-17 01:20:41'),
(1262, 48, 'test', 4, 1, 1, '2024-07-17 01:20:42', '2024-07-17 01:20:42'),
(1263, 48, 'test', 4, 1, 1, '2024-07-17 01:20:43', '2024-07-17 01:20:43'),
(1264, 48, 'test', 4, 1, 1, '2024-07-17 01:20:44', '2024-07-17 01:20:44'),
(1265, 48, 'test', 4, 1, 1, '2024-07-17 01:20:46', '2024-07-17 01:20:46'),
(1266, 48, 'test', 4, 1, 1, '2024-07-17 01:20:47', '2024-07-17 01:20:47'),
(1267, 48, 'test', 4, 1, 1, '2024-07-17 01:20:48', '2024-07-17 01:20:48'),
(1268, 48, 'test', 4, 1, 1, '2024-07-17 01:20:50', '2024-07-17 01:20:50'),
(1269, 48, 'test', 4, 1, 1, '2024-07-17 01:20:51', '2024-07-17 01:20:51'),
(1270, 48, 'test', 4, 1, 1, '2024-07-17 01:20:52', '2024-07-17 01:20:52'),
(1271, 48, 'test', 4, 1, 1, '2024-07-17 01:20:54', '2024-07-17 01:20:54'),
(1272, 48, 'test', 4, 1, 1, '2024-07-17 01:20:55', '2024-07-17 01:20:55'),
(1273, 48, 'test', 4, 1, 1, '2024-07-17 01:20:56', '2024-07-17 01:20:56'),
(1274, 48, 'test', 4, 1, 1, '2024-07-17 01:20:58', '2024-07-17 01:20:58'),
(1275, 48, 'test', 4, 1, 1, '2024-07-17 01:20:59', '2024-07-17 01:20:59'),
(1276, 48, 'test', 4, 1, 1, '2024-07-17 01:21:01', '2024-07-17 01:21:01'),
(1277, 48, 'test', 4, 1, 1, '2024-07-17 01:21:02', '2024-07-17 01:21:02'),
(1278, 48, 'test', 4, 1, 1, '2024-07-17 01:21:03', '2024-07-17 01:21:03'),
(1279, 48, 'test', 4, 1, 1, '2024-07-17 01:21:05', '2024-07-17 01:21:05'),
(1280, 48, 'test', 4, 1, 1, '2024-07-17 01:21:06', '2024-07-17 01:21:06'),
(1281, 48, 'test', 4, 1, 1, '2024-07-17 01:21:07', '2024-07-17 01:21:07'),
(1282, 48, 'test', 4, 1, 1, '2024-07-17 01:21:08', '2024-07-17 01:21:08'),
(1283, 48, 'test', 4, 1, 1, '2024-07-17 01:21:10', '2024-07-17 01:21:10'),
(1284, 48, 'test', 4, 1, 1, '2024-07-17 01:21:11', '2024-07-17 01:21:11'),
(1285, 48, 'test', 4, 1, 1, '2024-07-17 01:21:12', '2024-07-17 01:21:12'),
(1286, 48, 'test', 4, 1, 1, '2024-07-17 01:21:14', '2024-07-17 01:21:14'),
(1287, 48, 'test', 4, 1, 1, '2024-07-17 01:21:15', '2024-07-17 01:21:15'),
(1288, 48, 'test', 4, 1, 1, '2024-07-17 01:21:16', '2024-07-17 01:21:16'),
(1289, 48, 'test', 4, 1, 1, '2024-07-17 01:21:17', '2024-07-17 01:21:17'),
(1290, 48, 'test', 4, 1, 1, '2024-07-17 01:21:19', '2024-07-17 01:21:19'),
(1291, 48, 'test', 4, 1, 1, '2024-07-17 01:21:20', '2024-07-17 01:21:20'),
(1292, 48, 'test', 4, 1, 1, '2024-07-17 01:21:21', '2024-07-17 01:21:21'),
(1293, 48, 'test', 4, 1, 1, '2024-07-17 01:21:23', '2024-07-17 01:21:23'),
(1294, 48, 'test', 4, 1, 1, '2024-07-17 01:21:24', '2024-07-17 01:21:24'),
(1295, 48, 'test', 4, 1, 1, '2024-07-17 01:21:25', '2024-07-17 01:21:25'),
(1296, 48, 'test', 4, 1, 1, '2024-07-17 01:21:27', '2024-07-17 01:21:27'),
(1297, 48, 'test', 4, 1, 1, '2024-07-17 01:21:28', '2024-07-17 01:21:28'),
(1298, 48, 'test', 4, 1, 1, '2024-07-17 01:21:29', '2024-07-17 01:21:29'),
(1299, 48, 'test', 4, 1, 1, '2024-07-17 01:21:31', '2024-07-17 01:21:31'),
(1300, 48, 'test', 4, 1, 1, '2024-07-17 01:21:32', '2024-07-17 01:21:32'),
(1301, 48, 'test', 4, 1, 1, '2024-07-17 01:21:33', '2024-07-17 01:21:33'),
(1302, 48, 'test', 4, 1, 1, '2024-07-17 01:21:35', '2024-07-17 01:21:35'),
(1303, 48, 'test', 4, 1, 1, '2024-07-17 01:21:36', '2024-07-17 01:21:36'),
(1304, 48, 'test', 4, 1, 1, '2024-07-17 01:21:37', '2024-07-17 01:21:37'),
(1305, 48, 'test', 4, 1, 1, '2024-07-17 01:21:39', '2024-07-17 01:21:39'),
(1306, 48, 'test', 4, 1, 1, '2024-07-17 01:21:40', '2024-07-17 01:21:40'),
(1307, 48, 'test', 4, 1, 1, '2024-07-17 01:21:41', '2024-07-17 01:21:41'),
(1308, 48, 'test', 4, 1, 1, '2024-07-17 01:21:42', '2024-07-17 01:21:42'),
(1309, 48, 'test', 4, 1, 1, '2024-07-17 01:21:44', '2024-07-17 01:21:44'),
(1310, 48, 'test', 4, 1, 1, '2024-07-17 01:21:45', '2024-07-17 01:21:45'),
(1311, 48, 'test', 4, 1, 1, '2024-07-17 01:21:46', '2024-07-17 01:21:46'),
(1312, 48, 'test', 4, 1, 1, '2024-07-17 01:21:47', '2024-07-17 01:21:47'),
(1313, 48, 'test', 4, 1, 1, '2024-07-17 01:21:49', '2024-07-17 01:21:49'),
(1314, 48, 'test', 4, 1, 1, '2024-07-17 01:21:50', '2024-07-17 01:21:50'),
(1315, 48, 'test', 4, 1, 1, '2024-07-17 01:21:52', '2024-07-17 01:21:52'),
(1316, 48, 'test', 4, 1, 1, '2024-07-17 01:21:53', '2024-07-17 01:21:53'),
(1317, 48, 'test', 4, 1, 1, '2024-07-17 01:21:54', '2024-07-17 01:21:54'),
(1318, 48, 'test', 4, 1, 1, '2024-07-17 01:21:55', '2024-07-17 01:21:55'),
(1319, 48, 'test', 4, 1, 1, '2024-07-17 01:21:57', '2024-07-17 01:21:57'),
(1320, 48, 'test', 4, 1, 1, '2024-07-17 01:21:58', '2024-07-17 01:21:58'),
(1321, 48, 'test', 4, 1, 1, '2024-07-17 01:21:59', '2024-07-17 01:21:59'),
(1322, 48, 'test', 4, 1, 1, '2024-07-17 01:22:00', '2024-07-17 01:22:00'),
(1323, 48, 'test', 4, 1, 1, '2024-07-17 01:22:02', '2024-07-17 01:22:02'),
(1324, 48, 'test', 4, 1, 1, '2024-07-17 01:22:03', '2024-07-17 01:22:03'),
(1325, 48, 'test', 4, 1, 1, '2024-07-17 01:22:04', '2024-07-17 01:22:04'),
(1326, 48, 'test', 4, 1, 1, '2024-07-17 01:22:05', '2024-07-17 01:22:05'),
(1327, 48, 'test', 4, 1, 1, '2024-07-17 01:22:07', '2024-07-17 01:22:07'),
(1328, 48, 'test', 4, 1, 1, '2024-07-17 01:22:08', '2024-07-17 01:22:08'),
(1329, 48, 'test', 4, 1, 1, '2024-07-17 01:22:09', '2024-07-17 01:22:09'),
(1330, 48, 'test', 4, 1, 1, '2024-07-17 01:22:11', '2024-07-17 01:22:11'),
(1331, 48, 'test', 4, 1, 1, '2024-07-17 01:22:12', '2024-07-17 01:22:12'),
(1332, 48, 'test', 4, 1, 1, '2024-07-17 01:22:13', '2024-07-17 01:22:13'),
(1333, 48, 'test', 4, 1, 1, '2024-07-17 01:22:14', '2024-07-17 01:22:14'),
(1334, 48, 'test', 4, 1, 1, '2024-07-17 01:22:16', '2024-07-17 01:22:16'),
(1335, 48, 'test', 4, 1, 1, '2024-07-17 01:22:17', '2024-07-17 01:22:17'),
(1336, 48, 'test', 4, 1, 1, '2024-07-17 01:22:18', '2024-07-17 01:22:18'),
(1337, 48, 'test', 4, 1, 1, '2024-07-17 01:22:19', '2024-07-17 01:22:19'),
(1338, 48, 'test', 4, 1, 1, '2024-07-17 01:22:21', '2024-07-17 01:22:21'),
(1339, 48, 'test', 4, 1, 1, '2024-07-17 01:22:22', '2024-07-17 01:22:22'),
(1340, 48, 'test', 4, 1, 1, '2024-07-17 01:22:23', '2024-07-17 01:22:23'),
(1341, 49, 'test', 4, 1, 1, '2024-07-17 01:24:34', '2024-07-17 01:24:34'),
(1342, 49, 'test', 4, 1, 1, '2024-07-17 01:24:36', '2024-07-17 01:24:36'),
(1343, 49, 'test', 4, 1, 1, '2024-07-17 01:24:37', '2024-07-17 01:24:37'),
(1344, 49, 'test', 4, 1, 1, '2024-07-17 01:24:38', '2024-07-17 01:24:38'),
(1345, 49, 'test', 4, 1, 1, '2024-07-17 01:24:40', '2024-07-17 01:24:40'),
(1346, 49, 'test', 4, 1, 1, '2024-07-17 01:24:41', '2024-07-17 01:24:41'),
(1347, 49, 'test', 4, 1, 1, '2024-07-17 01:24:42', '2024-07-17 01:24:42'),
(1348, 49, 'test', 4, 1, 1, '2024-07-17 01:24:44', '2024-07-17 01:24:44'),
(1349, 49, 'test', 4, 1, 1, '2024-07-17 01:24:45', '2024-07-17 01:24:45'),
(1350, 49, 'test', 4, 1, 1, '2024-07-17 01:24:46', '2024-07-17 01:24:46'),
(1351, 49, 'test', 4, 1, 1, '2024-07-17 01:24:48', '2024-07-17 01:24:48'),
(1352, 49, 'test', 4, 1, 1, '2024-07-17 01:24:49', '2024-07-17 01:24:49'),
(1353, 49, 'test', 4, 1, 1, '2024-07-17 01:24:51', '2024-07-17 01:24:51'),
(1354, 49, 'test', 4, 1, 1, '2024-07-17 01:24:52', '2024-07-17 01:24:52'),
(1355, 49, 'test', 4, 1, 1, '2024-07-17 01:24:53', '2024-07-17 01:24:53'),
(1356, 49, 'test', 4, 1, 1, '2024-07-17 01:24:55', '2024-07-17 01:24:55'),
(1357, 49, 'test', 4, 1, 1, '2024-07-17 01:24:56', '2024-07-17 01:24:56'),
(1358, 49, 'test', 4, 1, 1, '2024-07-17 01:24:57', '2024-07-17 01:24:57'),
(1359, 49, 'test', 4, 1, 1, '2024-07-17 01:24:58', '2024-07-17 01:24:58'),
(1360, 49, 'test', 4, 1, 1, '2024-07-17 01:25:00', '2024-07-17 01:25:00'),
(1361, 49, 'test', 4, 1, 1, '2024-07-17 01:25:01', '2024-07-17 01:25:01'),
(1362, 49, 'test', 4, 1, 1, '2024-07-17 01:25:02', '2024-07-17 01:25:02'),
(1363, 49, 'test', 4, 1, 1, '2024-07-17 01:25:04', '2024-07-17 01:25:04'),
(1364, 49, 'test', 4, 1, 1, '2024-07-17 01:25:05', '2024-07-17 01:25:05'),
(1365, 49, 'test', 4, 1, 1, '2024-07-17 01:25:06', '2024-07-17 01:25:06'),
(1366, 49, 'test', 4, 1, 1, '2024-07-17 01:25:08', '2024-07-17 01:25:08'),
(1367, 49, 'test', 4, 1, 1, '2024-07-17 01:25:09', '2024-07-17 01:25:09'),
(1368, 49, 'test', 4, 1, 1, '2024-07-17 01:25:10', '2024-07-17 01:25:10'),
(1369, 49, 'test', 4, 1, 1, '2024-07-17 01:25:12', '2024-07-17 01:25:12'),
(1370, 49, 'test', 4, 1, 1, '2024-07-17 01:25:13', '2024-07-17 01:25:13'),
(1371, 49, 'test', 4, 1, 1, '2024-07-17 01:25:14', '2024-07-17 01:25:14'),
(1372, 49, 'test', 4, 1, 1, '2024-07-17 01:25:15', '2024-07-17 01:25:15'),
(1373, 49, 'test', 4, 1, 1, '2024-07-17 01:25:17', '2024-07-17 01:25:17'),
(1374, 49, 'test', 4, 1, 1, '2024-07-17 01:25:18', '2024-07-17 01:25:18'),
(1375, 49, 'test', 4, 1, 1, '2024-07-17 01:25:19', '2024-07-17 01:25:19'),
(1376, 49, 'test', 4, 1, 1, '2024-07-17 01:25:21', '2024-07-17 01:25:21'),
(1377, 49, 'test', 4, 1, 1, '2024-07-17 01:25:22', '2024-07-17 01:25:22'),
(1378, 49, 'test', 4, 1, 1, '2024-07-17 01:25:23', '2024-07-17 01:25:23'),
(1379, 49, 'test', 4, 1, 1, '2024-07-17 01:25:25', '2024-07-17 01:25:25'),
(1380, 49, 'test', 4, 1, 1, '2024-07-17 01:25:26', '2024-07-17 01:25:26'),
(1381, 49, 'test', 4, 1, 1, '2024-07-17 01:25:27', '2024-07-17 01:25:27'),
(1382, 49, 'test', 4, 1, 1, '2024-07-17 01:25:29', '2024-07-17 01:25:29'),
(1383, 49, 'test', 4, 1, 1, '2024-07-17 01:25:30', '2024-07-17 01:25:30');
INSERT INTO `photos` (`id`, `order_id`, `file_name`, `size_id`, `material_id`, `amount`, `created_at`, `updated_at`) VALUES
(1384, 49, 'test', 4, 1, 1, '2024-07-17 01:25:32', '2024-07-17 01:25:32'),
(1385, 49, 'test', 4, 1, 1, '2024-07-17 01:25:33', '2024-07-17 01:25:33'),
(1386, 49, 'test', 4, 1, 1, '2024-07-17 01:25:35', '2024-07-17 01:25:35'),
(1387, 49, 'test', 4, 1, 1, '2024-07-17 01:25:36', '2024-07-17 01:25:36'),
(1388, 49, 'test', 4, 1, 1, '2024-07-17 01:25:38', '2024-07-17 01:25:38'),
(1389, 49, 'test', 4, 1, 1, '2024-07-17 01:25:39', '2024-07-17 01:25:39'),
(1390, 49, 'test', 4, 1, 1, '2024-07-17 01:25:40', '2024-07-17 01:25:40'),
(1391, 50, 'test', 4, 1, 1, '2024-07-17 01:26:23', '2024-07-17 01:26:23'),
(1392, 50, 'test', 4, 1, 1, '2024-07-17 01:26:25', '2024-07-17 01:26:25'),
(1393, 50, 'test', 4, 1, 1, '2024-07-17 01:26:26', '2024-07-17 01:26:26'),
(1394, 50, 'test', 4, 1, 1, '2024-07-17 01:26:27', '2024-07-17 01:26:27'),
(1395, 50, 'test', 4, 1, 1, '2024-07-17 01:26:29', '2024-07-17 01:26:29'),
(1396, 50, 'test', 4, 1, 1, '2024-07-17 01:26:30', '2024-07-17 01:26:30'),
(1397, 50, 'test', 4, 1, 1, '2024-07-17 01:26:32', '2024-07-17 01:26:32'),
(1398, 50, 'test', 4, 1, 1, '2024-07-17 01:26:33', '2024-07-17 01:26:33'),
(1399, 50, 'test', 4, 1, 1, '2024-07-17 01:26:35', '2024-07-17 01:26:35'),
(1400, 50, 'test', 4, 1, 1, '2024-07-17 01:26:36', '2024-07-17 01:26:36'),
(1401, 50, 'test', 4, 1, 1, '2024-07-17 01:26:37', '2024-07-17 01:26:37'),
(1402, 50, 'test', 4, 1, 1, '2024-07-17 01:26:39', '2024-07-17 01:26:39'),
(1403, 50, 'test', 4, 1, 1, '2024-07-17 01:26:40', '2024-07-17 01:26:40'),
(1404, 50, 'test', 4, 1, 1, '2024-07-17 01:26:41', '2024-07-17 01:26:41'),
(1405, 50, 'test', 4, 1, 1, '2024-07-17 01:26:43', '2024-07-17 01:26:43'),
(1406, 50, 'test', 4, 1, 1, '2024-07-17 01:26:44', '2024-07-17 01:26:44'),
(1407, 50, 'test', 4, 1, 1, '2024-07-17 01:26:45', '2024-07-17 01:26:45'),
(1408, 50, 'test', 4, 1, 1, '2024-07-17 01:26:46', '2024-07-17 01:26:46'),
(1409, 50, 'test', 4, 1, 1, '2024-07-17 01:26:48', '2024-07-17 01:26:48'),
(1410, 50, 'test', 4, 1, 1, '2024-07-17 01:26:49', '2024-07-17 01:26:49'),
(1411, 50, 'test', 4, 1, 1, '2024-07-17 01:26:50', '2024-07-17 01:26:50'),
(1412, 50, 'test', 4, 1, 1, '2024-07-17 01:26:52', '2024-07-17 01:26:52'),
(1413, 50, 'test', 4, 1, 1, '2024-07-17 01:26:53', '2024-07-17 01:26:53'),
(1414, 50, 'test', 4, 1, 1, '2024-07-17 01:26:54', '2024-07-17 01:26:54'),
(1415, 50, 'test', 4, 1, 1, '2024-07-17 01:26:56', '2024-07-17 01:26:56'),
(1416, 50, 'test', 4, 1, 1, '2024-07-17 01:26:57', '2024-07-17 01:26:57'),
(1417, 50, 'test', 4, 1, 1, '2024-07-17 01:26:58', '2024-07-17 01:26:58'),
(1418, 50, 'test', 4, 1, 1, '2024-07-17 01:27:00', '2024-07-17 01:27:00'),
(1419, 50, 'test', 4, 1, 1, '2024-07-17 01:27:01', '2024-07-17 01:27:01'),
(1420, 50, 'test', 4, 1, 1, '2024-07-17 01:27:02', '2024-07-17 01:27:02'),
(1421, 51, 'test', 4, 1, 1, '2024-07-17 01:27:31', '2024-07-17 01:27:31'),
(1422, 51, 'test', 4, 1, 1, '2024-07-17 01:27:33', '2024-07-17 01:27:33'),
(1423, 51, 'test', 4, 1, 1, '2024-07-17 01:27:34', '2024-07-17 01:27:34'),
(1424, 51, 'test', 4, 1, 1, '2024-07-17 01:27:35', '2024-07-17 01:27:35'),
(1425, 51, 'test', 4, 1, 1, '2024-07-17 01:27:37', '2024-07-17 01:27:37'),
(1426, 51, 'test', 4, 1, 1, '2024-07-17 01:27:38', '2024-07-17 01:27:38'),
(1427, 51, 'test', 4, 1, 1, '2024-07-17 01:27:39', '2024-07-17 01:27:39'),
(1428, 51, 'test', 4, 1, 1, '2024-07-17 01:27:41', '2024-07-17 01:27:41'),
(1429, 51, 'test', 4, 1, 1, '2024-07-17 01:27:42', '2024-07-17 01:27:42'),
(1430, 51, 'test', 4, 1, 1, '2024-07-17 01:27:43', '2024-07-17 01:27:43'),
(1431, 51, 'test', 4, 1, 1, '2024-07-17 01:27:45', '2024-07-17 01:27:45'),
(1432, 51, 'test', 4, 1, 1, '2024-07-17 01:27:46', '2024-07-17 01:27:46'),
(1433, 51, 'test', 4, 1, 1, '2024-07-17 01:27:48', '2024-07-17 01:27:48'),
(1434, 51, 'test', 4, 1, 1, '2024-07-17 01:27:49', '2024-07-17 01:27:49'),
(1435, 51, 'test', 4, 1, 1, '2024-07-17 01:27:50', '2024-07-17 01:27:50'),
(1436, 51, 'test', 4, 1, 1, '2024-07-17 01:27:52', '2024-07-17 01:27:52'),
(1437, 51, 'test', 4, 1, 1, '2024-07-17 01:27:53', '2024-07-17 01:27:53'),
(1438, 51, 'test', 4, 1, 1, '2024-07-17 01:27:54', '2024-07-17 01:27:54'),
(1439, 51, 'test', 4, 1, 1, '2024-07-17 01:27:55', '2024-07-17 01:27:55'),
(1440, 51, 'test', 4, 1, 1, '2024-07-17 01:27:57', '2024-07-17 01:27:57'),
(1441, 51, 'test', 4, 1, 1, '2024-07-17 01:27:58', '2024-07-17 01:27:58'),
(1442, 51, 'test', 4, 1, 1, '2024-07-17 01:27:59', '2024-07-17 01:27:59'),
(1443, 51, 'test', 4, 1, 1, '2024-07-17 01:28:01', '2024-07-17 01:28:01'),
(1444, 51, 'test', 4, 1, 1, '2024-07-17 01:28:02', '2024-07-17 01:28:02'),
(1445, 51, 'test', 4, 1, 1, '2024-07-17 01:28:03', '2024-07-17 01:28:03'),
(1446, 51, 'test', 4, 1, 1, '2024-07-17 01:28:05', '2024-07-17 01:28:05'),
(1447, 51, 'test', 4, 1, 1, '2024-07-17 01:28:06', '2024-07-17 01:28:06'),
(1448, 51, 'test', 4, 1, 1, '2024-07-17 01:28:07', '2024-07-17 01:28:07'),
(1449, 51, 'test', 4, 1, 1, '2024-07-17 01:28:09', '2024-07-17 01:28:09'),
(1450, 51, 'test', 4, 1, 1, '2024-07-17 01:28:10', '2024-07-17 01:28:10'),
(1451, 51, 'test', 4, 1, 1, '2024-07-17 01:28:11', '2024-07-17 01:28:11'),
(1452, 51, 'test', 4, 1, 1, '2024-07-17 01:28:12', '2024-07-17 01:28:12'),
(1453, 51, 'test', 4, 1, 1, '2024-07-17 01:28:14', '2024-07-17 01:28:14'),
(1454, 51, 'test', 4, 1, 1, '2024-07-17 01:28:15', '2024-07-17 01:28:15'),
(1455, 51, 'test', 4, 1, 1, '2024-07-17 01:28:16', '2024-07-17 01:28:16'),
(1456, 51, 'test', 4, 1, 1, '2024-07-17 01:28:18', '2024-07-17 01:28:18'),
(1457, 51, 'test', 4, 1, 1, '2024-07-17 01:28:19', '2024-07-17 01:28:19'),
(1458, 51, 'test', 4, 1, 1, '2024-07-17 01:28:20', '2024-07-17 01:28:20'),
(1459, 51, 'test', 4, 1, 1, '2024-07-17 01:28:22', '2024-07-17 01:28:22'),
(1460, 51, 'test', 4, 1, 1, '2024-07-17 01:28:23', '2024-07-17 01:28:23'),
(1461, 51, 'test', 4, 1, 1, '2024-07-17 01:28:24', '2024-07-17 01:28:24'),
(1462, 51, 'test', 4, 1, 1, '2024-07-17 01:28:26', '2024-07-17 01:28:26'),
(1463, 51, 'test', 4, 1, 1, '2024-07-17 01:28:27', '2024-07-17 01:28:27'),
(1464, 51, 'test', 4, 1, 1, '2024-07-17 01:28:29', '2024-07-17 01:28:29'),
(1465, 51, 'test', 4, 1, 1, '2024-07-17 01:28:30', '2024-07-17 01:28:30'),
(1466, 51, 'test', 4, 1, 1, '2024-07-17 01:28:32', '2024-07-17 01:28:32'),
(1467, 51, 'test', 4, 1, 1, '2024-07-17 01:28:33', '2024-07-17 01:28:33'),
(1468, 51, 'test', 4, 1, 1, '2024-07-17 01:28:34', '2024-07-17 01:28:34'),
(1469, 51, 'test', 4, 1, 1, '2024-07-17 01:28:36', '2024-07-17 01:28:36'),
(1470, 51, 'test', 4, 1, 1, '2024-07-17 01:28:37', '2024-07-17 01:28:37'),
(1471, 51, 'test', 4, 1, 1, '2024-07-17 01:28:39', '2024-07-17 01:28:39'),
(1472, 51, 'test', 4, 1, 1, '2024-07-17 01:28:40', '2024-07-17 01:28:40'),
(1473, 51, 'test', 4, 1, 1, '2024-07-17 01:28:42', '2024-07-17 01:28:42'),
(1474, 51, 'test', 4, 1, 1, '2024-07-17 01:28:43', '2024-07-17 01:28:43'),
(1475, 51, 'test', 4, 1, 1, '2024-07-17 01:28:44', '2024-07-17 01:28:44'),
(1476, 51, 'test', 4, 1, 1, '2024-07-17 01:28:46', '2024-07-17 01:28:46'),
(1477, 51, 'test', 4, 1, 1, '2024-07-17 01:28:47', '2024-07-17 01:28:47'),
(1478, 51, 'test', 4, 1, 1, '2024-07-17 01:28:48', '2024-07-17 01:28:48'),
(1479, 51, 'test', 4, 1, 1, '2024-07-17 01:28:50', '2024-07-17 01:28:50'),
(1480, 51, 'test', 4, 1, 1, '2024-07-17 01:28:51', '2024-07-17 01:28:51'),
(1481, 51, 'test', 4, 1, 1, '2024-07-17 01:28:53', '2024-07-17 01:28:53'),
(1482, 51, 'test', 4, 1, 1, '2024-07-17 01:28:54', '2024-07-17 01:28:54'),
(1483, 51, 'test', 4, 1, 1, '2024-07-17 01:28:56', '2024-07-17 01:28:56'),
(1484, 51, 'test', 4, 1, 1, '2024-07-17 01:28:57', '2024-07-17 01:28:57'),
(1485, 51, 'test', 4, 1, 1, '2024-07-17 01:28:58', '2024-07-17 01:28:58'),
(1486, 51, 'test', 4, 1, 1, '2024-07-17 01:29:00', '2024-07-17 01:29:00'),
(1487, 51, 'test', 4, 1, 1, '2024-07-17 01:29:01', '2024-07-17 01:29:01'),
(1488, 51, 'test', 4, 1, 1, '2024-07-17 01:29:02', '2024-07-17 01:29:02'),
(1489, 51, 'test', 4, 1, 1, '2024-07-17 01:29:04', '2024-07-17 01:29:04'),
(1490, 51, 'test', 4, 1, 1, '2024-07-17 01:29:05', '2024-07-17 01:29:05'),
(1491, 51, 'test', 4, 1, 1, '2024-07-17 01:29:07', '2024-07-17 01:29:07'),
(1492, 51, 'test', 4, 1, 1, '2024-07-17 01:29:08', '2024-07-17 01:29:08'),
(1493, 51, 'test', 4, 1, 1, '2024-07-17 01:29:09', '2024-07-17 01:29:09'),
(1494, 51, 'test', 4, 1, 1, '2024-07-17 01:29:10', '2024-07-17 01:29:10'),
(1495, 51, 'test', 4, 1, 1, '2024-07-17 01:29:12', '2024-07-17 01:29:12'),
(1496, 51, 'test', 4, 1, 1, '2024-07-17 01:29:13', '2024-07-17 01:29:13'),
(1497, 51, 'test', 4, 1, 1, '2024-07-17 01:29:14', '2024-07-17 01:29:14'),
(1498, 51, 'test', 4, 1, 1, '2024-07-17 01:29:16', '2024-07-17 01:29:16'),
(1499, 51, 'test', 4, 1, 1, '2024-07-17 01:29:17', '2024-07-17 01:29:17'),
(1500, 51, 'test', 4, 1, 1, '2024-07-17 01:29:18', '2024-07-17 01:29:18'),
(1501, 51, 'test', 4, 1, 1, '2024-07-17 01:29:20', '2024-07-17 01:29:20'),
(1502, 51, 'test', 4, 1, 1, '2024-07-17 01:29:21', '2024-07-17 01:29:21'),
(1503, 51, 'test', 4, 1, 1, '2024-07-17 01:29:22', '2024-07-17 01:29:22'),
(1504, 51, 'test', 4, 1, 1, '2024-07-17 01:29:24', '2024-07-17 01:29:24'),
(1505, 51, 'test', 4, 1, 1, '2024-07-17 01:29:25', '2024-07-17 01:29:25'),
(1506, 51, 'test', 4, 1, 1, '2024-07-17 01:29:26', '2024-07-17 01:29:26'),
(1507, 51, 'test', 4, 1, 1, '2024-07-17 01:29:27', '2024-07-17 01:29:27'),
(1508, 51, 'test', 4, 1, 1, '2024-07-17 01:29:29', '2024-07-17 01:29:29'),
(1509, 51, 'test', 4, 1, 1, '2024-07-17 01:29:30', '2024-07-17 01:29:30'),
(1510, 51, 'test', 4, 1, 1, '2024-07-17 01:29:31', '2024-07-17 01:29:31'),
(1511, 51, 'test', 4, 1, 1, '2024-07-17 01:29:33', '2024-07-17 01:29:33'),
(1512, 51, 'test', 4, 1, 1, '2024-07-17 01:29:34', '2024-07-17 01:29:34'),
(1513, 51, 'test', 4, 1, 1, '2024-07-17 01:29:35', '2024-07-17 01:29:35'),
(1514, 51, 'test', 4, 1, 1, '2024-07-17 01:29:37', '2024-07-17 01:29:37'),
(1515, 51, 'test', 4, 1, 1, '2024-07-17 01:29:38', '2024-07-17 01:29:38'),
(1516, 51, 'test', 4, 1, 1, '2024-07-17 01:29:40', '2024-07-17 01:29:40'),
(1517, 51, 'test', 4, 1, 1, '2024-07-17 01:29:41', '2024-07-17 01:29:41'),
(1518, 51, 'test', 4, 1, 1, '2024-07-17 01:29:42', '2024-07-17 01:29:42'),
(1519, 51, 'test', 4, 1, 1, '2024-07-17 01:29:44', '2024-07-17 01:29:44'),
(1520, 51, 'test', 4, 1, 1, '2024-07-17 01:29:45', '2024-07-17 01:29:45'),
(1521, 51, 'test', 4, 1, 1, '2024-07-17 01:29:46', '2024-07-17 01:29:46'),
(1522, 51, 'test', 4, 1, 1, '2024-07-17 01:29:48', '2024-07-17 01:29:48'),
(1523, 51, 'test', 4, 1, 1, '2024-07-17 01:29:49', '2024-07-17 01:29:49'),
(1524, 51, 'test', 4, 1, 1, '2024-07-17 01:29:50', '2024-07-17 01:29:50'),
(1525, 51, 'test', 4, 1, 1, '2024-07-17 01:29:52', '2024-07-17 01:29:52'),
(1526, 51, 'test', 4, 1, 1, '2024-07-17 01:29:53', '2024-07-17 01:29:53'),
(1527, 51, 'test', 4, 1, 1, '2024-07-17 01:29:55', '2024-07-17 01:29:55'),
(1528, 51, 'test', 4, 1, 1, '2024-07-17 01:29:56', '2024-07-17 01:29:56'),
(1529, 51, 'test', 4, 1, 1, '2024-07-17 01:29:58', '2024-07-17 01:29:58'),
(1530, 51, 'test', 4, 1, 1, '2024-07-17 01:29:59', '2024-07-17 01:29:59'),
(1531, 51, 'test', 4, 1, 1, '2024-07-17 01:30:01', '2024-07-17 01:30:01'),
(1532, 51, 'test', 4, 1, 1, '2024-07-17 01:30:03', '2024-07-17 01:30:03'),
(1533, 51, 'test', 4, 1, 1, '2024-07-17 01:30:04', '2024-07-17 01:30:04'),
(1534, 51, 'test', 4, 1, 1, '2024-07-17 01:30:05', '2024-07-17 01:30:05'),
(1535, 51, 'test', 4, 1, 1, '2024-07-17 01:30:06', '2024-07-17 01:30:06'),
(1536, 51, 'test', 4, 1, 1, '2024-07-17 01:30:08', '2024-07-17 01:30:08'),
(1537, 51, 'test', 4, 1, 1, '2024-07-17 01:30:09', '2024-07-17 01:30:09'),
(1538, 51, 'test', 4, 1, 1, '2024-07-17 01:30:10', '2024-07-17 01:30:10'),
(1539, 51, 'test', 4, 1, 1, '2024-07-17 01:30:12', '2024-07-17 01:30:12'),
(1540, 51, 'test', 4, 1, 1, '2024-07-17 01:30:13', '2024-07-17 01:30:13'),
(1541, 51, 'test', 4, 1, 1, '2024-07-17 01:30:15', '2024-07-17 01:30:15'),
(1542, 51, 'test', 4, 1, 1, '2024-07-17 01:30:16', '2024-07-17 01:30:16'),
(1543, 51, 'test', 4, 1, 1, '2024-07-17 01:30:17', '2024-07-17 01:30:17'),
(1544, 51, 'test', 4, 1, 1, '2024-07-17 01:30:19', '2024-07-17 01:30:19'),
(1545, 51, 'test', 4, 1, 1, '2024-07-17 01:30:20', '2024-07-17 01:30:20'),
(1546, 51, 'test', 4, 1, 1, '2024-07-17 01:30:21', '2024-07-17 01:30:21'),
(1547, 51, 'test', 4, 1, 1, '2024-07-17 01:30:23', '2024-07-17 01:30:23'),
(1548, 51, 'test', 4, 1, 1, '2024-07-17 01:30:24', '2024-07-17 01:30:24'),
(1549, 51, 'test', 4, 1, 1, '2024-07-17 01:30:25', '2024-07-17 01:30:25'),
(1550, 51, 'test', 4, 1, 1, '2024-07-17 01:30:27', '2024-07-17 01:30:27'),
(1551, 51, 'test', 4, 1, 1, '2024-07-17 01:30:28', '2024-07-17 01:30:28'),
(1552, 51, 'test', 4, 1, 1, '2024-07-17 01:30:29', '2024-07-17 01:30:29'),
(1553, 51, 'test', 4, 1, 1, '2024-07-17 01:30:31', '2024-07-17 01:30:31'),
(1554, 51, 'test', 4, 1, 1, '2024-07-17 01:30:32', '2024-07-17 01:30:32'),
(1555, 51, 'test', 4, 1, 1, '2024-07-17 01:30:34', '2024-07-17 01:30:34'),
(1556, 51, 'test', 4, 1, 1, '2024-07-17 01:30:35', '2024-07-17 01:30:35'),
(1557, 51, 'test', 4, 1, 1, '2024-07-17 01:30:37', '2024-07-17 01:30:37'),
(1558, 51, 'test', 4, 1, 1, '2024-07-17 01:30:38', '2024-07-17 01:30:38'),
(1559, 51, 'test', 4, 1, 1, '2024-07-17 01:30:39', '2024-07-17 01:30:39'),
(1560, 51, 'test', 4, 1, 1, '2024-07-17 01:30:41', '2024-07-17 01:30:41'),
(1561, 51, 'test', 4, 1, 1, '2024-07-17 01:30:42', '2024-07-17 01:30:42'),
(1562, 51, 'test', 4, 1, 1, '2024-07-17 01:30:43', '2024-07-17 01:30:43'),
(1563, 51, 'test', 4, 1, 1, '2024-07-17 01:30:45', '2024-07-17 01:30:45'),
(1564, 51, 'test', 4, 1, 1, '2024-07-17 01:30:46', '2024-07-17 01:30:46'),
(1565, 51, 'test', 4, 1, 1, '2024-07-17 01:30:47', '2024-07-17 01:30:47'),
(1566, 51, 'test', 4, 1, 1, '2024-07-17 01:30:49', '2024-07-17 01:30:49'),
(1567, 51, 'test', 4, 1, 1, '2024-07-17 01:30:50', '2024-07-17 01:30:50'),
(1568, 51, 'test', 4, 1, 1, '2024-07-17 01:30:51', '2024-07-17 01:30:51'),
(1569, 51, 'test', 4, 1, 1, '2024-07-17 01:30:53', '2024-07-17 01:30:53'),
(1570, 51, 'test', 4, 1, 1, '2024-07-17 01:30:54', '2024-07-17 01:30:54'),
(1571, 51, 'test', 4, 1, 1, '2024-07-17 01:30:55', '2024-07-17 01:30:55'),
(1572, 51, 'test', 4, 1, 1, '2024-07-17 01:30:57', '2024-07-17 01:30:57'),
(1573, 51, 'test', 4, 1, 1, '2024-07-17 01:30:58', '2024-07-17 01:30:58'),
(1574, 51, 'test', 4, 1, 1, '2024-07-17 01:30:59', '2024-07-17 01:30:59'),
(1575, 51, 'test', 4, 1, 1, '2024-07-17 01:31:01', '2024-07-17 01:31:01'),
(1576, 51, 'test', 4, 1, 1, '2024-07-17 01:31:02', '2024-07-17 01:31:02'),
(1577, 51, 'test', 4, 1, 1, '2024-07-17 01:31:03', '2024-07-17 01:31:03'),
(1578, 51, 'test', 4, 1, 1, '2024-07-17 01:31:05', '2024-07-17 01:31:05'),
(1579, 51, 'test', 4, 1, 1, '2024-07-17 01:31:06', '2024-07-17 01:31:06'),
(1580, 51, 'test', 4, 1, 1, '2024-07-17 01:31:07', '2024-07-17 01:31:07'),
(1581, 51, 'test', 4, 1, 1, '2024-07-17 01:31:09', '2024-07-17 01:31:09'),
(1582, 51, 'test', 4, 1, 1, '2024-07-17 01:31:10', '2024-07-17 01:31:10'),
(1583, 51, 'test', 4, 1, 1, '2024-07-17 01:31:12', '2024-07-17 01:31:12'),
(1584, 51, 'test', 4, 1, 1, '2024-07-17 01:31:13', '2024-07-17 01:31:13'),
(1585, 51, 'test', 4, 1, 1, '2024-07-17 01:31:14', '2024-07-17 01:31:14'),
(1586, 51, 'test', 4, 1, 1, '2024-07-17 01:31:16', '2024-07-17 01:31:16'),
(1587, 51, 'test', 4, 1, 1, '2024-07-17 01:31:18', '2024-07-17 01:31:18'),
(1588, 51, 'test', 4, 1, 1, '2024-07-17 01:31:19', '2024-07-17 01:31:19'),
(1589, 52, 'test', 4, 1, 1, '2024-07-17 01:35:30', '2024-07-17 01:35:30'),
(1590, 52, 'test', 4, 1, 1, '2024-07-17 01:35:31', '2024-07-17 01:35:31'),
(1591, 52, 'test', 4, 1, 1, '2024-07-17 01:35:33', '2024-07-17 01:35:33'),
(1592, 52, 'test', 4, 1, 1, '2024-07-17 01:35:34', '2024-07-17 01:35:34'),
(1593, 52, 'test', 4, 1, 1, '2024-07-17 01:35:35', '2024-07-17 01:35:35'),
(1594, 52, 'test', 4, 1, 1, '2024-07-17 01:35:37', '2024-07-17 01:35:37'),
(1595, 52, 'test', 4, 1, 1, '2024-07-17 01:35:38', '2024-07-17 01:35:38'),
(1596, 52, 'test', 4, 1, 1, '2024-07-17 01:35:39', '2024-07-17 01:35:39'),
(1597, 52, 'test', 4, 1, 1, '2024-07-17 01:35:42', '2024-07-17 01:35:42'),
(1598, 52, 'test', 4, 1, 1, '2024-07-17 01:35:44', '2024-07-17 01:35:44'),
(1599, 52, 'test', 4, 1, 1, '2024-07-17 01:35:46', '2024-07-17 01:35:46'),
(1600, 52, 'test', 4, 1, 1, '2024-07-17 01:35:48', '2024-07-17 01:35:48'),
(1601, 52, 'test', 4, 1, 1, '2024-07-17 01:35:49', '2024-07-17 01:35:49'),
(1602, 52, 'test', 4, 1, 1, '2024-07-17 01:35:51', '2024-07-17 01:35:51'),
(1603, 52, 'test', 4, 1, 1, '2024-07-17 01:35:52', '2024-07-17 01:35:52'),
(1604, 52, 'test', 4, 1, 1, '2024-07-17 01:35:54', '2024-07-17 01:35:54'),
(1605, 52, 'test', 4, 1, 1, '2024-07-17 01:35:55', '2024-07-17 01:35:55'),
(1606, 52, 'test', 4, 1, 1, '2024-07-17 01:35:57', '2024-07-17 01:35:57'),
(1607, 52, 'test', 4, 1, 1, '2024-07-17 01:35:58', '2024-07-17 01:35:58'),
(1608, 52, 'test', 4, 1, 1, '2024-07-17 01:35:59', '2024-07-17 01:35:59'),
(1609, 52, 'test', 4, 1, 1, '2024-07-17 01:36:01', '2024-07-17 01:36:01'),
(1610, 52, 'test', 4, 1, 1, '2024-07-17 01:36:02', '2024-07-17 01:36:02'),
(1611, 52, 'test', 4, 1, 1, '2024-07-17 01:36:04', '2024-07-17 01:36:04'),
(1612, 52, 'test', 4, 1, 1, '2024-07-17 01:36:05', '2024-07-17 01:36:05'),
(1613, 52, 'test', 4, 1, 1, '2024-07-17 01:36:06', '2024-07-17 01:36:06'),
(1614, 52, 'test', 4, 1, 1, '2024-07-17 01:36:08', '2024-07-17 01:36:08'),
(1615, 52, 'test', 4, 1, 1, '2024-07-17 01:36:10', '2024-07-17 01:36:10'),
(1616, 52, 'test', 4, 1, 1, '2024-07-17 01:36:11', '2024-07-17 01:36:11'),
(1617, 52, 'test', 4, 1, 1, '2024-07-17 01:36:13', '2024-07-17 01:36:13'),
(1618, 52, 'test', 4, 1, 1, '2024-07-17 01:36:14', '2024-07-17 01:36:14'),
(1619, 52, 'test', 4, 1, 1, '2024-07-17 01:36:16', '2024-07-17 01:36:16'),
(1620, 52, 'test', 4, 1, 1, '2024-07-17 01:36:17', '2024-07-17 01:36:17'),
(1621, 52, 'test', 4, 1, 1, '2024-07-17 01:36:18', '2024-07-17 01:36:18'),
(1622, 52, 'test', 4, 1, 1, '2024-07-17 01:36:20', '2024-07-17 01:36:20'),
(1623, 52, 'test', 4, 1, 1, '2024-07-17 01:36:21', '2024-07-17 01:36:21'),
(1624, 52, 'test', 4, 1, 1, '2024-07-17 01:36:22', '2024-07-17 01:36:22'),
(1625, 52, 'test', 4, 1, 1, '2024-07-17 01:36:24', '2024-07-17 01:36:24'),
(1626, 52, 'test', 4, 1, 1, '2024-07-17 01:36:25', '2024-07-17 01:36:25'),
(1627, 52, 'test', 4, 1, 1, '2024-07-17 01:36:26', '2024-07-17 01:36:26'),
(1628, 52, 'test', 4, 1, 1, '2024-07-17 01:36:28', '2024-07-17 01:36:28'),
(1629, 52, 'test', 4, 1, 1, '2024-07-17 01:36:29', '2024-07-17 01:36:29'),
(1630, 52, 'test', 4, 1, 1, '2024-07-17 01:36:30', '2024-07-17 01:36:30'),
(1631, 52, 'test', 4, 1, 1, '2024-07-17 01:36:32', '2024-07-17 01:36:32'),
(1632, 52, 'test', 4, 1, 1, '2024-07-17 01:36:33', '2024-07-17 01:36:33'),
(1633, 52, 'test', 4, 1, 1, '2024-07-17 01:36:34', '2024-07-17 01:36:34'),
(1634, 52, 'test', 4, 1, 1, '2024-07-17 01:36:36', '2024-07-17 01:36:36'),
(1635, 52, 'test', 4, 1, 1, '2024-07-17 01:36:37', '2024-07-17 01:36:37'),
(1636, 52, 'test', 4, 1, 1, '2024-07-17 01:36:38', '2024-07-17 01:36:38'),
(1637, 52, 'test', 4, 1, 1, '2024-07-17 01:36:40', '2024-07-17 01:36:40'),
(1638, 52, 'test', 4, 1, 1, '2024-07-17 01:36:41', '2024-07-17 01:36:41'),
(1639, 52, 'test', 4, 1, 1, '2024-07-17 01:36:43', '2024-07-17 01:36:43'),
(1640, 52, 'test', 4, 1, 1, '2024-07-17 01:36:44', '2024-07-17 01:36:44'),
(1641, 52, 'test', 4, 1, 1, '2024-07-17 01:36:45', '2024-07-17 01:36:45'),
(1642, 52, 'test', 4, 1, 1, '2024-07-17 01:36:47', '2024-07-17 01:36:47'),
(1643, 52, 'test', 4, 1, 1, '2024-07-17 01:36:48', '2024-07-17 01:36:48'),
(1644, 52, 'test', 4, 1, 1, '2024-07-17 01:36:50', '2024-07-17 01:36:50'),
(1645, 52, 'test', 4, 1, 1, '2024-07-17 01:36:51', '2024-07-17 01:36:51'),
(1646, 52, 'test', 4, 1, 1, '2024-07-17 01:36:53', '2024-07-17 01:36:53'),
(1647, 52, 'test', 4, 1, 1, '2024-07-17 01:36:54', '2024-07-17 01:36:54'),
(1648, 52, 'test', 4, 1, 1, '2024-07-17 01:36:56', '2024-07-17 01:36:56'),
(1649, 52, 'test', 4, 1, 1, '2024-07-17 01:36:57', '2024-07-17 01:36:57'),
(1650, 52, 'test', 4, 1, 1, '2024-07-17 01:36:59', '2024-07-17 01:36:59'),
(1651, 52, 'test', 4, 1, 1, '2024-07-17 01:37:00', '2024-07-17 01:37:00'),
(1652, 52, 'test', 4, 1, 1, '2024-07-17 01:37:01', '2024-07-17 01:37:01'),
(1653, 52, 'test', 4, 1, 1, '2024-07-17 01:37:03', '2024-07-17 01:37:03'),
(1654, 52, 'test', 4, 1, 1, '2024-07-17 01:37:04', '2024-07-17 01:37:04'),
(1655, 52, 'test', 4, 1, 1, '2024-07-17 01:37:06', '2024-07-17 01:37:06'),
(1656, 52, 'test', 4, 1, 1, '2024-07-17 01:37:07', '2024-07-17 01:37:07'),
(1657, 52, 'test', 4, 1, 1, '2024-07-17 01:37:09', '2024-07-17 01:37:09'),
(1658, 52, 'test', 4, 1, 1, '2024-07-17 01:37:10', '2024-07-17 01:37:10'),
(1659, 52, 'test', 4, 1, 1, '2024-07-17 01:37:11', '2024-07-17 01:37:11'),
(1660, 52, 'test', 4, 1, 1, '2024-07-17 01:37:13', '2024-07-17 01:37:13'),
(1661, 52, 'test', 4, 1, 1, '2024-07-17 01:37:14', '2024-07-17 01:37:14'),
(1662, 52, 'test', 4, 1, 1, '2024-07-17 01:37:15', '2024-07-17 01:37:15'),
(1663, 52, 'test', 4, 1, 1, '2024-07-17 01:37:17', '2024-07-17 01:37:17'),
(1664, 52, 'test', 4, 1, 1, '2024-07-17 01:37:18', '2024-07-17 01:37:18'),
(1665, 52, 'test', 4, 1, 1, '2024-07-17 01:37:19', '2024-07-17 01:37:19'),
(1666, 52, 'test', 4, 1, 1, '2024-07-17 01:37:21', '2024-07-17 01:37:21'),
(1667, 52, 'test', 4, 1, 1, '2024-07-17 01:37:22', '2024-07-17 01:37:22'),
(1668, 52, 'test', 4, 1, 1, '2024-07-17 01:37:24', '2024-07-17 01:37:24'),
(1669, 52, 'test', 4, 1, 1, '2024-07-17 01:37:25', '2024-07-17 01:37:25'),
(1670, 52, 'test', 4, 1, 1, '2024-07-17 01:37:26', '2024-07-17 01:37:26'),
(1671, 52, 'test', 4, 1, 1, '2024-07-17 01:37:28', '2024-07-17 01:37:28'),
(1672, 52, 'test', 4, 1, 1, '2024-07-17 01:37:29', '2024-07-17 01:37:29'),
(1673, 52, 'test', 4, 1, 1, '2024-07-17 01:37:31', '2024-07-17 01:37:31'),
(1674, 52, 'test', 4, 1, 1, '2024-07-17 01:37:32', '2024-07-17 01:37:32'),
(1675, 52, 'test', 4, 1, 1, '2024-07-17 01:37:34', '2024-07-17 01:37:34'),
(1676, 52, 'test', 4, 1, 1, '2024-07-17 01:37:35', '2024-07-17 01:37:35'),
(1677, 52, 'test', 4, 1, 1, '2024-07-17 01:37:36', '2024-07-17 01:37:36'),
(1678, 52, 'test', 4, 1, 1, '2024-07-17 01:37:37', '2024-07-17 01:37:37'),
(1679, 52, 'test', 4, 1, 1, '2024-07-17 01:37:39', '2024-07-17 01:37:39'),
(1680, 52, 'test', 4, 1, 1, '2024-07-17 01:37:40', '2024-07-17 01:37:40'),
(1681, 52, 'test', 4, 1, 1, '2024-07-17 01:37:42', '2024-07-17 01:37:42'),
(1682, 52, 'test', 4, 1, 1, '2024-07-17 01:37:43', '2024-07-17 01:37:43'),
(1683, 52, 'test', 4, 1, 1, '2024-07-17 01:37:45', '2024-07-17 01:37:45'),
(1684, 52, 'test', 4, 1, 1, '2024-07-17 01:37:47', '2024-07-17 01:37:47'),
(1685, 52, 'test', 4, 1, 1, '2024-07-17 01:37:49', '2024-07-17 01:37:49'),
(1686, 52, 'test', 4, 1, 1, '2024-07-17 01:37:51', '2024-07-17 01:37:51'),
(1687, 52, 'test', 4, 1, 1, '2024-07-17 01:37:53', '2024-07-17 01:37:53'),
(1688, 52, 'test', 4, 1, 1, '2024-07-17 01:37:54', '2024-07-17 01:37:54'),
(1689, 52, 'test', 4, 1, 1, '2024-07-17 01:37:56', '2024-07-17 01:37:56'),
(1690, 52, 'test', 4, 1, 1, '2024-07-17 01:37:57', '2024-07-17 01:37:57'),
(1691, 52, 'test', 4, 1, 1, '2024-07-17 01:37:59', '2024-07-17 01:37:59'),
(1692, 52, 'test', 4, 1, 1, '2024-07-17 01:38:01', '2024-07-17 01:38:01'),
(1693, 52, 'test', 4, 1, 1, '2024-07-17 01:38:02', '2024-07-17 01:38:02'),
(1694, 52, 'test', 4, 1, 1, '2024-07-17 01:38:03', '2024-07-17 01:38:03'),
(1695, 52, 'test', 4, 1, 1, '2024-07-17 01:38:05', '2024-07-17 01:38:05'),
(1696, 52, 'test', 4, 1, 1, '2024-07-17 01:38:07', '2024-07-17 01:38:07'),
(1697, 52, 'test', 4, 1, 1, '2024-07-17 01:38:08', '2024-07-17 01:38:08'),
(1698, 52, 'test', 4, 1, 1, '2024-07-17 01:38:10', '2024-07-17 01:38:10'),
(1699, 52, 'test', 4, 1, 1, '2024-07-17 01:38:11', '2024-07-17 01:38:11'),
(1700, 52, 'test', 4, 1, 1, '2024-07-17 01:38:13', '2024-07-17 01:38:13'),
(1701, 52, 'test', 4, 1, 1, '2024-07-17 01:38:14', '2024-07-17 01:38:14'),
(1702, 52, 'test', 4, 1, 1, '2024-07-17 01:38:15', '2024-07-17 01:38:15'),
(1703, 52, 'test', 4, 1, 1, '2024-07-17 01:38:17', '2024-07-17 01:38:17'),
(1704, 52, 'test', 4, 1, 1, '2024-07-17 01:38:18', '2024-07-17 01:38:18'),
(1705, 52, 'test', 4, 1, 1, '2024-07-17 01:38:20', '2024-07-17 01:38:20'),
(1706, 52, 'test', 4, 1, 1, '2024-07-17 01:38:21', '2024-07-17 01:38:21'),
(1707, 52, 'test', 4, 1, 1, '2024-07-17 01:38:23', '2024-07-17 01:38:23'),
(1708, 52, 'test', 4, 1, 1, '2024-07-17 01:38:24', '2024-07-17 01:38:24'),
(1709, 52, 'test', 4, 1, 1, '2024-07-17 01:38:25', '2024-07-17 01:38:25'),
(1710, 52, 'test', 4, 1, 1, '2024-07-17 01:38:26', '2024-07-17 01:38:26'),
(1711, 52, 'test', 4, 1, 1, '2024-07-17 01:38:28', '2024-07-17 01:38:28'),
(1712, 52, 'test', 4, 1, 1, '2024-07-17 01:38:29', '2024-07-17 01:38:29'),
(1713, 52, 'test', 4, 1, 1, '2024-07-17 01:38:30', '2024-07-17 01:38:30'),
(1714, 52, 'test', 4, 1, 1, '2024-07-17 01:38:32', '2024-07-17 01:38:32'),
(1715, 52, 'test', 4, 1, 1, '2024-07-17 01:38:33', '2024-07-17 01:38:33'),
(1716, 52, 'test', 4, 1, 1, '2024-07-17 01:38:35', '2024-07-17 01:38:35'),
(1717, 52, 'test', 4, 1, 1, '2024-07-17 01:38:36', '2024-07-17 01:38:36'),
(1718, 52, 'test', 4, 1, 1, '2024-07-17 01:38:38', '2024-07-17 01:38:38'),
(1719, 52, 'test', 4, 1, 1, '2024-07-17 01:38:39', '2024-07-17 01:38:39'),
(1720, 52, 'test', 4, 1, 1, '2024-07-17 01:38:40', '2024-07-17 01:38:40'),
(1721, 52, 'test', 4, 1, 1, '2024-07-17 01:38:42', '2024-07-17 01:38:42'),
(1722, 52, 'test', 4, 1, 1, '2024-07-17 01:38:43', '2024-07-17 01:38:43'),
(1723, 52, 'test', 4, 1, 1, '2024-07-17 01:38:44', '2024-07-17 01:38:44'),
(1724, 52, 'test', 4, 1, 1, '2024-07-17 01:38:45', '2024-07-17 01:38:45'),
(1725, 52, 'test', 4, 1, 1, '2024-07-17 01:38:47', '2024-07-17 01:38:47'),
(1726, 52, 'test', 4, 1, 1, '2024-07-17 01:38:48', '2024-07-17 01:38:48'),
(1727, 52, 'test', 4, 1, 1, '2024-07-17 01:38:50', '2024-07-17 01:38:50'),
(1728, 52, 'test', 4, 1, 1, '2024-07-17 01:38:51', '2024-07-17 01:38:51'),
(1729, 52, 'test', 4, 1, 1, '2024-07-17 01:38:53', '2024-07-17 01:38:53'),
(1730, 52, 'test', 4, 1, 1, '2024-07-17 01:38:54', '2024-07-17 01:38:54'),
(1731, 52, 'test', 4, 1, 1, '2024-07-17 01:38:56', '2024-07-17 01:38:56'),
(1732, 52, 'test', 4, 1, 1, '2024-07-17 01:38:57', '2024-07-17 01:38:57'),
(1733, 52, 'test', 4, 1, 1, '2024-07-17 01:38:58', '2024-07-17 01:38:58'),
(1734, 52, 'test', 4, 1, 1, '2024-07-17 01:39:00', '2024-07-17 01:39:00'),
(1735, 52, 'test', 4, 1, 1, '2024-07-17 01:39:02', '2024-07-17 01:39:02'),
(1736, 52, 'test', 4, 1, 1, '2024-07-17 01:39:03', '2024-07-17 01:39:03'),
(1737, 52, 'test', 4, 1, 1, '2024-07-17 01:39:05', '2024-07-17 01:39:05'),
(1738, 52, 'test', 4, 1, 1, '2024-07-17 01:39:06', '2024-07-17 01:39:06'),
(1739, 52, 'test', 4, 1, 1, '2024-07-17 01:39:07', '2024-07-17 01:39:07'),
(1740, 52, 'test', 4, 1, 1, '2024-07-17 01:39:09', '2024-07-17 01:39:09'),
(1741, 52, 'test', 4, 1, 1, '2024-07-17 01:39:10', '2024-07-17 01:39:10'),
(1742, 52, 'test', 4, 1, 1, '2024-07-17 01:39:11', '2024-07-17 01:39:11'),
(1743, 52, 'test', 4, 1, 1, '2024-07-17 01:39:13', '2024-07-17 01:39:13'),
(1744, 52, 'test', 4, 1, 1, '2024-07-17 01:39:14', '2024-07-17 01:39:14'),
(1745, 52, 'test', 4, 1, 1, '2024-07-17 01:39:15', '2024-07-17 01:39:15'),
(1746, 52, 'test', 4, 1, 1, '2024-07-17 01:39:17', '2024-07-17 01:39:17'),
(1747, 52, 'test', 4, 1, 1, '2024-07-17 01:39:18', '2024-07-17 01:39:18'),
(1748, 52, 'test', 4, 1, 1, '2024-07-17 01:39:19', '2024-07-17 01:39:19'),
(1749, 52, 'test', 4, 1, 1, '2024-07-17 01:39:21', '2024-07-17 01:39:21'),
(1750, 52, 'test', 4, 1, 1, '2024-07-17 01:39:22', '2024-07-17 01:39:22'),
(1751, 52, 'test', 4, 1, 1, '2024-07-17 01:39:23', '2024-07-17 01:39:23'),
(1752, 52, 'test', 4, 1, 1, '2024-07-17 01:39:24', '2024-07-17 01:39:24'),
(1753, 52, 'test', 4, 1, 1, '2024-07-17 01:39:26', '2024-07-17 01:39:26'),
(1754, 52, 'test', 4, 1, 1, '2024-07-17 01:39:27', '2024-07-17 01:39:27'),
(1755, 52, 'test', 4, 1, 1, '2024-07-17 01:39:29', '2024-07-17 01:39:29'),
(1756, 52, 'test', 4, 1, 1, '2024-07-17 01:39:30', '2024-07-17 01:39:30'),
(1757, 52, 'test', 4, 1, 1, '2024-07-17 01:39:32', '2024-07-17 01:39:32'),
(1758, 52, 'test', 4, 1, 1, '2024-07-17 01:39:33', '2024-07-17 01:39:33'),
(1759, 52, 'test', 4, 1, 1, '2024-07-17 01:39:35', '2024-07-17 01:39:35'),
(1760, 52, 'test', 4, 1, 1, '2024-07-17 01:39:36', '2024-07-17 01:39:36'),
(1761, 52, 'test', 4, 1, 1, '2024-07-17 01:39:37', '2024-07-17 01:39:37'),
(1762, 52, 'test', 4, 1, 1, '2024-07-17 01:39:39', '2024-07-17 01:39:39'),
(1763, 52, 'test', 4, 1, 1, '2024-07-17 01:39:40', '2024-07-17 01:39:40'),
(1764, 52, 'test', 4, 1, 1, '2024-07-17 01:39:41', '2024-07-17 01:39:41'),
(1765, 52, 'test', 4, 1, 1, '2024-07-17 01:39:43', '2024-07-17 01:39:43'),
(1766, 52, 'test', 4, 1, 1, '2024-07-17 01:39:44', '2024-07-17 01:39:44'),
(1767, 52, 'test', 4, 1, 1, '2024-07-17 01:39:46', '2024-07-17 01:39:46'),
(1768, 52, 'test', 4, 1, 1, '2024-07-17 01:39:47', '2024-07-17 01:39:47'),
(1769, 52, 'test', 4, 1, 1, '2024-07-17 01:39:49', '2024-07-17 01:39:49'),
(1770, 52, 'test', 4, 1, 1, '2024-07-17 01:39:50', '2024-07-17 01:39:50'),
(1771, 52, 'test', 4, 1, 1, '2024-07-17 01:39:51', '2024-07-17 01:39:51'),
(1772, 52, 'test', 4, 1, 1, '2024-07-17 01:39:53', '2024-07-17 01:39:53'),
(1773, 52, 'test', 4, 1, 1, '2024-07-17 01:39:54', '2024-07-17 01:39:54'),
(1774, 52, 'test', 4, 1, 1, '2024-07-17 01:39:56', '2024-07-17 01:39:56'),
(1775, 52, 'test', 4, 1, 1, '2024-07-17 01:39:57', '2024-07-17 01:39:57'),
(1776, 52, 'test', 4, 1, 1, '2024-07-17 01:39:58', '2024-07-17 01:39:58'),
(1777, 52, 'test', 4, 1, 1, '2024-07-17 01:40:00', '2024-07-17 01:40:00'),
(1778, 52, 'test', 4, 1, 1, '2024-07-17 01:40:01', '2024-07-17 01:40:01'),
(1779, 52, 'test', 4, 1, 1, '2024-07-17 01:40:02', '2024-07-17 01:40:02'),
(1780, 52, 'test', 4, 1, 1, '2024-07-17 01:40:03', '2024-07-17 01:40:03'),
(1781, 52, 'test', 4, 1, 1, '2024-07-17 01:40:05', '2024-07-17 01:40:05'),
(1782, 52, 'test', 4, 1, 1, '2024-07-17 01:40:06', '2024-07-17 01:40:06'),
(1783, 52, 'test', 4, 1, 1, '2024-07-17 01:40:07', '2024-07-17 01:40:07'),
(1784, 52, 'test', 4, 1, 1, '2024-07-17 01:40:09', '2024-07-17 01:40:09'),
(1785, 52, 'test', 4, 1, 1, '2024-07-17 01:40:10', '2024-07-17 01:40:10'),
(1786, 52, 'test', 4, 1, 1, '2024-07-17 01:40:11', '2024-07-17 01:40:11'),
(1787, 52, 'test', 4, 1, 1, '2024-07-17 01:40:13', '2024-07-17 01:40:13'),
(1788, 52, 'test', 4, 1, 1, '2024-07-17 01:40:14', '2024-07-17 01:40:14'),
(1789, 52, 'test', 4, 1, 1, '2024-07-17 01:40:15', '2024-07-17 01:40:15'),
(1790, 52, 'test', 4, 1, 1, '2024-07-17 01:40:17', '2024-07-17 01:40:17'),
(1791, 52, 'test', 4, 1, 1, '2024-07-17 01:40:18', '2024-07-17 01:40:18'),
(1792, 52, 'test', 4, 1, 1, '2024-07-17 01:40:20', '2024-07-17 01:40:20'),
(1793, 52, 'test', 4, 1, 1, '2024-07-17 01:40:21', '2024-07-17 01:40:21'),
(1794, 52, 'test', 4, 1, 1, '2024-07-17 01:40:23', '2024-07-17 01:40:23'),
(1795, 52, 'test', 4, 1, 1, '2024-07-17 01:40:24', '2024-07-17 01:40:24'),
(1796, 52, 'test', 4, 1, 1, '2024-07-17 01:40:25', '2024-07-17 01:40:25'),
(1797, 52, 'test', 4, 1, 1, '2024-07-17 01:40:27', '2024-07-17 01:40:27'),
(1798, 52, 'test', 4, 1, 1, '2024-07-17 01:40:29', '2024-07-17 01:40:29'),
(1799, 52, 'test', 4, 1, 1, '2024-07-17 01:40:30', '2024-07-17 01:40:30'),
(1800, 52, 'test', 4, 1, 1, '2024-07-17 01:40:31', '2024-07-17 01:40:31'),
(1801, 52, 'test', 4, 1, 1, '2024-07-17 01:40:32', '2024-07-17 01:40:32'),
(1802, 52, 'test', 4, 1, 1, '2024-07-17 01:40:34', '2024-07-17 01:40:34'),
(1803, 52, 'test', 4, 1, 1, '2024-07-17 01:40:35', '2024-07-17 01:40:35'),
(1804, 52, 'test', 4, 1, 1, '2024-07-17 01:40:36', '2024-07-17 01:40:36'),
(1805, 52, 'test', 4, 1, 1, '2024-07-17 01:40:38', '2024-07-17 01:40:38'),
(1806, 52, 'test', 4, 1, 1, '2024-07-17 01:40:39', '2024-07-17 01:40:39'),
(1807, 52, 'test', 4, 1, 1, '2024-07-17 01:40:40', '2024-07-17 01:40:40'),
(1808, 52, 'test', 4, 1, 1, '2024-07-17 01:40:42', '2024-07-17 01:40:42'),
(1809, 52, 'test', 4, 1, 1, '2024-07-17 01:40:43', '2024-07-17 01:40:43'),
(1810, 52, 'test', 4, 1, 1, '2024-07-17 01:40:44', '2024-07-17 01:40:44'),
(1811, 52, 'test', 4, 1, 1, '2024-07-17 01:40:46', '2024-07-17 01:40:46'),
(1812, 52, 'test', 4, 1, 1, '2024-07-17 01:40:47', '2024-07-17 01:40:47'),
(1813, 52, 'test', 4, 1, 1, '2024-07-17 01:40:48', '2024-07-17 01:40:48'),
(1814, 52, 'test', 4, 1, 1, '2024-07-17 01:40:50', '2024-07-17 01:40:50'),
(1815, 52, 'test', 4, 1, 1, '2024-07-17 01:40:51', '2024-07-17 01:40:51'),
(1816, 52, 'test', 4, 1, 1, '2024-07-17 01:40:52', '2024-07-17 01:40:52'),
(1817, 52, 'test', 4, 1, 1, '2024-07-17 01:40:54', '2024-07-17 01:40:54'),
(1818, 52, 'test', 4, 1, 1, '2024-07-17 01:40:55', '2024-07-17 01:40:55'),
(1819, 52, 'test', 4, 1, 1, '2024-07-17 01:40:57', '2024-07-17 01:40:57'),
(1820, 52, 'test', 4, 1, 1, '2024-07-17 01:40:58', '2024-07-17 01:40:58'),
(1821, 52, 'test', 4, 1, 1, '2024-07-17 01:41:00', '2024-07-17 01:41:00'),
(1822, 52, 'test', 4, 1, 1, '2024-07-17 01:41:01', '2024-07-17 01:41:01'),
(1823, 52, 'test', 4, 1, 1, '2024-07-17 01:41:03', '2024-07-17 01:41:03'),
(1824, 53, 'test', 4, 1, 1, '2024-07-17 01:44:42', '2024-07-17 01:44:42'),
(1825, 53, 'test', 4, 1, 1, '2024-07-17 01:44:43', '2024-07-17 01:44:43'),
(1826, 53, 'test', 4, 1, 1, '2024-07-17 01:44:44', '2024-07-17 01:44:44'),
(1827, 53, 'test', 4, 1, 1, '2024-07-17 01:44:46', '2024-07-17 01:44:46'),
(1828, 53, 'test', 4, 1, 1, '2024-07-17 01:44:47', '2024-07-17 01:44:47'),
(1829, 53, 'test', 4, 1, 1, '2024-07-17 01:44:49', '2024-07-17 01:44:49'),
(1830, 53, 'test', 4, 1, 1, '2024-07-17 01:44:50', '2024-07-17 01:44:50'),
(1831, 53, 'test', 4, 1, 1, '2024-07-17 01:44:51', '2024-07-17 01:44:51'),
(1832, 53, 'test', 4, 1, 1, '2024-07-17 01:44:53', '2024-07-17 01:44:53'),
(1833, 53, 'test', 4, 1, 1, '2024-07-17 01:44:55', '2024-07-17 01:44:55'),
(1834, 53, 'test', 4, 1, 1, '2024-07-17 01:44:57', '2024-07-17 01:44:57'),
(1835, 54, 'test', 4, 1, 1, '2024-07-17 01:45:38', '2024-07-17 01:45:38'),
(1836, 54, 'test', 4, 1, 1, '2024-07-17 01:45:39', '2024-07-17 01:45:39'),
(1837, 54, 'test', 4, 1, 1, '2024-07-17 01:45:40', '2024-07-17 01:45:40'),
(1838, 54, 'test', 4, 1, 1, '2024-07-17 01:45:41', '2024-07-17 01:45:41'),
(1839, 54, 'test', 4, 1, 1, '2024-07-17 01:45:43', '2024-07-17 01:45:43'),
(1840, 55, 'test', 4, 1, 1, '2024-07-17 01:46:35', '2024-07-17 01:46:35'),
(1841, 55, 'test', 4, 1, 1, '2024-07-17 01:46:37', '2024-07-17 01:46:37'),
(1842, 55, 'test', 4, 1, 1, '2024-07-17 01:46:38', '2024-07-17 01:46:38'),
(1843, 55, 'test', 4, 1, 1, '2024-07-17 01:46:40', '2024-07-17 01:46:40'),
(1844, 55, 'test', 4, 1, 1, '2024-07-17 01:46:41', '2024-07-17 01:46:41'),
(1845, 55, 'test', 4, 1, 1, '2024-07-17 01:46:43', '2024-07-17 01:46:43'),
(1846, 55, 'test', 4, 1, 1, '2024-07-17 01:46:44', '2024-07-17 01:46:44'),
(1847, 55, 'test', 4, 1, 1, '2024-07-17 01:46:45', '2024-07-17 01:46:45'),
(1848, 55, 'test', 4, 1, 1, '2024-07-17 01:46:47', '2024-07-17 01:46:47'),
(1849, 55, 'test', 4, 1, 1, '2024-07-17 01:46:48', '2024-07-17 01:46:48'),
(1850, 56, 'test', 4, 1, 20, '2024-07-17 01:50:16', '2024-07-17 01:50:16'),
(1851, 57, 'test', 4, 1, 1, '2024-07-17 01:51:24', '2024-07-17 01:51:24'),
(1852, 57, 'test', 4, 1, 1, '2024-07-17 01:51:25', '2024-07-17 01:51:25'),
(1853, 57, 'test', 4, 1, 1, '2024-07-17 01:51:27', '2024-07-17 01:51:27'),
(1854, 57, 'test', 4, 1, 1, '2024-07-17 01:51:28', '2024-07-17 01:51:28'),
(1855, 57, 'test', 4, 1, 1, '2024-07-17 01:51:29', '2024-07-17 01:51:29'),
(1856, 58, 'test', 4, 1, 1, '2024-07-17 01:56:31', '2024-07-17 01:56:31'),
(1857, 58, 'test', 4, 1, 1, '2024-07-17 01:56:32', '2024-07-17 01:56:32'),
(1858, 58, 'test', 4, 1, 1, '2024-07-17 01:56:33', '2024-07-17 01:56:33'),
(1859, 58, 'test', 4, 1, 1, '2024-07-17 01:56:34', '2024-07-17 01:56:34'),
(1860, 58, 'test', 4, 1, 1, '2024-07-17 01:56:36', '2024-07-17 01:56:36'),
(1861, 58, 'test', 4, 1, 1, '2024-07-17 01:56:37', '2024-07-17 01:56:37'),
(1862, 58, 'test', 4, 1, 1, '2024-07-17 01:56:39', '2024-07-17 01:56:39'),
(1863, 58, 'test', 4, 1, 1, '2024-07-17 01:56:40', '2024-07-17 01:56:40'),
(1864, 58, 'test', 4, 1, 1, '2024-07-17 01:56:42', '2024-07-17 01:56:42'),
(1865, 58, 'test', 4, 1, 1, '2024-07-17 01:56:43', '2024-07-17 01:56:43'),
(1866, 58, 'test', 4, 1, 1, '2024-07-17 01:56:45', '2024-07-17 01:56:45'),
(1867, 58, 'test', 4, 1, 1, '2024-07-17 01:56:47', '2024-07-17 01:56:47'),
(1868, 58, 'test', 4, 1, 1, '2024-07-17 01:56:48', '2024-07-17 01:56:48'),
(1869, 58, 'test', 4, 1, 1, '2024-07-17 01:56:50', '2024-07-17 01:56:50'),
(1870, 58, 'test', 4, 1, 1, '2024-07-17 01:56:51', '2024-07-17 01:56:51'),
(1871, 58, 'test', 4, 1, 1, '2024-07-17 01:56:53', '2024-07-17 01:56:53'),
(1872, 58, 'test', 4, 1, 1, '2024-07-17 01:56:54', '2024-07-17 01:56:54'),
(1873, 58, 'test', 4, 1, 1, '2024-07-17 01:56:55', '2024-07-17 01:56:55'),
(1874, 58, 'test', 4, 1, 1, '2024-07-17 01:56:57', '2024-07-17 01:56:57'),
(1875, 58, 'test', 4, 1, 1, '2024-07-17 01:56:58', '2024-07-17 01:56:58'),
(1876, 58, 'test', 4, 1, 1, '2024-07-17 01:57:00', '2024-07-17 01:57:00'),
(1877, 58, 'test', 4, 1, 1, '2024-07-17 01:57:01', '2024-07-17 01:57:01'),
(1878, 58, 'test', 4, 1, 1, '2024-07-17 01:57:03', '2024-07-17 01:57:03'),
(1879, 58, 'test', 4, 1, 1, '2024-07-17 01:57:04', '2024-07-17 01:57:04'),
(1880, 58, 'test', 4, 1, 1, '2024-07-17 01:57:06', '2024-07-17 01:57:06'),
(1881, 58, 'test', 4, 1, 1, '2024-07-17 01:57:07', '2024-07-17 01:57:07'),
(1882, 58, 'test', 4, 1, 1, '2024-07-17 01:57:09', '2024-07-17 01:57:09'),
(1883, 58, 'test', 4, 1, 1, '2024-07-17 01:57:10', '2024-07-17 01:57:10'),
(1884, 58, 'test', 4, 1, 1, '2024-07-17 01:57:12', '2024-07-17 01:57:12'),
(1885, 58, 'test', 4, 1, 1, '2024-07-17 01:57:13', '2024-07-17 01:57:13'),
(1886, 58, 'test', 4, 1, 1, '2024-07-17 01:57:15', '2024-07-17 01:57:15'),
(1887, 58, 'test', 4, 1, 1, '2024-07-17 01:57:16', '2024-07-17 01:57:16'),
(1888, 58, 'test', 4, 1, 1, '2024-07-17 01:57:18', '2024-07-17 01:57:18'),
(1889, 58, 'test', 4, 1, 1, '2024-07-17 01:57:19', '2024-07-17 01:57:19'),
(1890, 58, 'test', 4, 1, 1, '2024-07-17 01:57:21', '2024-07-17 01:57:21'),
(1891, 58, 'test', 4, 1, 1, '2024-07-17 01:57:22', '2024-07-17 01:57:22'),
(1892, 58, 'test', 4, 1, 1, '2024-07-17 01:57:23', '2024-07-17 01:57:23'),
(1893, 58, 'test', 4, 1, 1, '2024-07-17 01:57:24', '2024-07-17 01:57:24'),
(1894, 58, 'test', 4, 1, 1, '2024-07-17 01:57:26', '2024-07-17 01:57:26'),
(1895, 58, 'test', 4, 1, 1, '2024-07-17 01:57:27', '2024-07-17 01:57:27'),
(1896, 58, 'test', 4, 1, 1, '2024-07-17 01:57:29', '2024-07-17 01:57:29'),
(1897, 58, 'test', 4, 1, 1, '2024-07-17 01:57:30', '2024-07-17 01:57:30'),
(1898, 58, 'test', 4, 1, 1, '2024-07-17 01:57:31', '2024-07-17 01:57:31'),
(1899, 58, 'test', 4, 1, 1, '2024-07-17 01:57:33', '2024-07-17 01:57:33'),
(1900, 58, 'test', 4, 1, 1, '2024-07-17 01:57:34', '2024-07-17 01:57:34'),
(1901, 58, 'test', 4, 1, 1, '2024-07-17 01:57:35', '2024-07-17 01:57:35'),
(1902, 58, 'test', 4, 1, 1, '2024-07-17 01:57:37', '2024-07-17 01:57:37'),
(1903, 58, 'test', 4, 1, 1, '2024-07-17 01:57:38', '2024-07-17 01:57:38'),
(1904, 58, 'test', 4, 1, 1, '2024-07-17 01:57:39', '2024-07-17 01:57:39'),
(1905, 58, 'test', 4, 1, 1, '2024-07-17 01:57:41', '2024-07-17 01:57:41'),
(1906, 58, 'test', 4, 1, 1, '2024-07-17 01:57:42', '2024-07-17 01:57:42'),
(1907, 58, 'test', 4, 1, 1, '2024-07-17 01:57:44', '2024-07-17 01:57:44'),
(1908, 58, 'test', 4, 1, 1, '2024-07-17 01:57:45', '2024-07-17 01:57:45'),
(1909, 58, 'test', 4, 1, 1, '2024-07-17 01:57:47', '2024-07-17 01:57:47'),
(1910, 58, 'test', 4, 1, 1, '2024-07-17 01:57:48', '2024-07-17 01:57:48'),
(1911, 58, 'test', 4, 1, 1, '2024-07-17 01:57:50', '2024-07-17 01:57:50'),
(1912, 58, 'test', 4, 1, 1, '2024-07-17 01:57:51', '2024-07-17 01:57:51'),
(1913, 58, 'test', 4, 1, 1, '2024-07-17 01:57:53', '2024-07-17 01:57:53'),
(1914, 58, 'test', 4, 1, 1, '2024-07-17 01:57:54', '2024-07-17 01:57:54'),
(1915, 58, 'test', 4, 1, 1, '2024-07-17 01:57:56', '2024-07-17 01:57:56'),
(1916, 58, 'test', 4, 1, 1, '2024-07-17 01:57:57', '2024-07-17 01:57:57'),
(1917, 58, 'test', 4, 1, 1, '2024-07-17 01:57:59', '2024-07-17 01:57:59'),
(1918, 58, 'test', 4, 1, 1, '2024-07-17 01:58:00', '2024-07-17 01:58:00'),
(1919, 58, 'test', 4, 1, 1, '2024-07-17 01:58:01', '2024-07-17 01:58:01'),
(1920, 58, 'test', 4, 1, 1, '2024-07-17 01:58:03', '2024-07-17 01:58:03'),
(1921, 58, 'test', 4, 1, 1, '2024-07-17 01:58:04', '2024-07-17 01:58:04'),
(1922, 58, 'test', 4, 1, 1, '2024-07-17 01:58:06', '2024-07-17 01:58:06'),
(1923, 58, 'test', 4, 1, 1, '2024-07-17 01:58:07', '2024-07-17 01:58:07'),
(1924, 58, 'test', 4, 1, 1, '2024-07-17 01:58:08', '2024-07-17 01:58:08'),
(1925, 58, 'test', 4, 1, 1, '2024-07-17 01:58:10', '2024-07-17 01:58:10'),
(1926, 58, 'test', 4, 1, 1, '2024-07-17 01:58:11', '2024-07-17 01:58:11'),
(1927, 58, 'test', 4, 1, 1, '2024-07-17 01:58:13', '2024-07-17 01:58:13'),
(1928, 58, 'test', 4, 1, 1, '2024-07-17 01:58:14', '2024-07-17 01:58:14'),
(1929, 58, 'test', 4, 1, 1, '2024-07-17 01:58:15', '2024-07-17 01:58:15'),
(1930, 58, 'test', 4, 1, 1, '2024-07-17 01:58:17', '2024-07-17 01:58:17'),
(1931, 58, 'test', 4, 1, 1, '2024-07-17 01:58:18', '2024-07-17 01:58:18'),
(1932, 58, 'test', 4, 1, 1, '2024-07-17 01:58:19', '2024-07-17 01:58:19'),
(1933, 58, 'test', 4, 1, 1, '2024-07-17 01:58:21', '2024-07-17 01:58:21'),
(1934, 58, 'test', 4, 1, 1, '2024-07-17 01:58:22', '2024-07-17 01:58:22'),
(1935, 58, 'test', 4, 1, 1, '2024-07-17 01:58:24', '2024-07-17 01:58:24'),
(1936, 58, 'test', 4, 1, 1, '2024-07-17 01:58:25', '2024-07-17 01:58:25'),
(1937, 58, 'test', 4, 1, 1, '2024-07-17 01:58:26', '2024-07-17 01:58:26'),
(1938, 58, 'test', 4, 1, 1, '2024-07-17 01:58:28', '2024-07-17 01:58:28'),
(1939, 58, 'test', 4, 1, 1, '2024-07-17 01:58:29', '2024-07-17 01:58:29'),
(1940, 58, 'test', 4, 1, 1, '2024-07-17 01:58:31', '2024-07-17 01:58:31'),
(1941, 58, 'test', 4, 1, 1, '2024-07-17 01:58:32', '2024-07-17 01:58:32'),
(1942, 58, 'test', 4, 1, 1, '2024-07-17 01:58:34', '2024-07-17 01:58:34'),
(1943, 58, 'test', 4, 1, 1, '2024-07-17 01:58:35', '2024-07-17 01:58:35'),
(1944, 58, 'test', 4, 1, 1, '2024-07-17 01:58:36', '2024-07-17 01:58:36'),
(1945, 58, 'test', 4, 1, 1, '2024-07-17 01:58:38', '2024-07-17 01:58:38'),
(1946, 58, 'test', 4, 1, 1, '2024-07-17 01:58:39', '2024-07-17 01:58:39'),
(1947, 58, 'test', 4, 1, 1, '2024-07-17 01:58:40', '2024-07-17 01:58:40'),
(1948, 58, 'test', 4, 1, 1, '2024-07-17 01:58:42', '2024-07-17 01:58:42'),
(1949, 58, 'test', 4, 1, 1, '2024-07-17 01:58:43', '2024-07-17 01:58:43'),
(1950, 58, 'test', 4, 1, 1, '2024-07-17 01:58:45', '2024-07-17 01:58:45'),
(1951, 58, 'test', 4, 1, 1, '2024-07-17 01:58:46', '2024-07-17 01:58:46'),
(1952, 58, 'test', 4, 1, 1, '2024-07-17 01:58:48', '2024-07-17 01:58:48'),
(1953, 58, 'test', 4, 1, 1, '2024-07-17 01:58:50', '2024-07-17 01:58:50'),
(1954, 58, 'test', 4, 1, 1, '2024-07-17 01:58:52', '2024-07-17 01:58:52'),
(1955, 58, 'test', 4, 1, 1, '2024-07-17 01:58:53', '2024-07-17 01:58:53'),
(1956, 58, 'test', 4, 1, 1, '2024-07-17 01:58:55', '2024-07-17 01:58:55'),
(1957, 58, 'test', 4, 1, 1, '2024-07-17 01:58:57', '2024-07-17 01:58:57'),
(1958, 58, 'test', 4, 1, 1, '2024-07-17 01:58:58', '2024-07-17 01:58:58'),
(1959, 58, 'test', 4, 1, 1, '2024-07-17 01:59:00', '2024-07-17 01:59:00'),
(1960, 58, 'test', 4, 1, 1, '2024-07-17 01:59:01', '2024-07-17 01:59:01'),
(1961, 58, 'test', 4, 1, 1, '2024-07-17 01:59:03', '2024-07-17 01:59:03'),
(1962, 58, 'test', 4, 1, 1, '2024-07-17 01:59:04', '2024-07-17 01:59:04'),
(1963, 58, 'test', 4, 1, 1, '2024-07-17 01:59:06', '2024-07-17 01:59:06'),
(1964, 58, 'test', 4, 1, 1, '2024-07-17 01:59:07', '2024-07-17 01:59:07'),
(1965, 58, 'test', 4, 1, 1, '2024-07-17 01:59:09', '2024-07-17 01:59:09'),
(1966, 58, 'test', 4, 1, 1, '2024-07-17 01:59:11', '2024-07-17 01:59:11'),
(1967, 58, 'test', 4, 1, 1, '2024-07-17 01:59:12', '2024-07-17 01:59:12'),
(1968, 58, 'test', 4, 1, 1, '2024-07-17 01:59:13', '2024-07-17 01:59:13'),
(1969, 58, 'test', 4, 1, 1, '2024-07-17 01:59:14', '2024-07-17 01:59:14'),
(1970, 58, 'test', 4, 1, 1, '2024-07-17 01:59:16', '2024-07-17 01:59:16'),
(1971, 58, 'test', 4, 1, 1, '2024-07-17 01:59:17', '2024-07-17 01:59:17'),
(1972, 58, 'test', 4, 1, 1, '2024-07-17 01:59:19', '2024-07-17 01:59:19'),
(1973, 58, 'test', 4, 1, 1, '2024-07-17 01:59:20', '2024-07-17 01:59:20'),
(1974, 58, 'test', 4, 1, 1, '2024-07-17 01:59:22', '2024-07-17 01:59:22'),
(1975, 58, 'test', 4, 1, 1, '2024-07-17 01:59:23', '2024-07-17 01:59:23'),
(1976, 58, 'test', 4, 1, 1, '2024-07-17 01:59:24', '2024-07-17 01:59:24'),
(1977, 58, 'test', 4, 1, 1, '2024-07-17 01:59:25', '2024-07-17 01:59:25'),
(1978, 58, 'test', 4, 1, 1, '2024-07-17 01:59:27', '2024-07-17 01:59:27'),
(1979, 58, 'test', 4, 1, 1, '2024-07-17 01:59:28', '2024-07-17 01:59:28'),
(1980, 58, 'test', 4, 1, 1, '2024-07-17 01:59:29', '2024-07-17 01:59:29'),
(1981, 58, 'test', 4, 1, 1, '2024-07-17 01:59:31', '2024-07-17 01:59:31'),
(1982, 58, 'test', 4, 1, 1, '2024-07-17 01:59:32', '2024-07-17 01:59:32'),
(1983, 58, 'test', 4, 1, 1, '2024-07-17 01:59:34', '2024-07-17 01:59:34'),
(1984, 58, 'test', 4, 1, 1, '2024-07-17 01:59:35', '2024-07-17 01:59:35'),
(1985, 58, 'test', 4, 1, 1, '2024-07-17 01:59:36', '2024-07-17 01:59:36'),
(1986, 58, 'test', 4, 1, 1, '2024-07-17 01:59:38', '2024-07-17 01:59:38'),
(1987, 58, 'test', 4, 1, 1, '2024-07-17 01:59:39', '2024-07-17 01:59:39'),
(1988, 58, 'test', 4, 1, 1, '2024-07-17 01:59:40', '2024-07-17 01:59:40'),
(1989, 58, 'test', 4, 1, 1, '2024-07-17 01:59:42', '2024-07-17 01:59:42'),
(1990, 58, 'test', 4, 1, 1, '2024-07-17 01:59:43', '2024-07-17 01:59:43'),
(1991, 58, 'test', 4, 1, 1, '2024-07-17 01:59:44', '2024-07-17 01:59:44'),
(1992, 58, 'test', 4, 1, 1, '2024-07-17 01:59:46', '2024-07-17 01:59:46'),
(1993, 58, 'test', 4, 1, 1, '2024-07-17 01:59:47', '2024-07-17 01:59:47'),
(1994, 58, 'test', 4, 1, 1, '2024-07-17 01:59:49', '2024-07-17 01:59:49'),
(1995, 58, 'test', 4, 1, 1, '2024-07-17 01:59:50', '2024-07-17 01:59:50'),
(1996, 58, 'test', 4, 1, 1, '2024-07-17 01:59:51', '2024-07-17 01:59:51'),
(1997, 58, 'test', 4, 1, 1, '2024-07-17 01:59:53', '2024-07-17 01:59:53'),
(1998, 58, 'test', 4, 1, 1, '2024-07-17 01:59:54', '2024-07-17 01:59:54'),
(1999, 58, 'test', 4, 1, 1, '2024-07-17 01:59:56', '2024-07-17 01:59:56'),
(2000, 58, 'test', 4, 1, 1, '2024-07-17 01:59:57', '2024-07-17 01:59:57'),
(2001, 58, 'test', 4, 1, 1, '2024-07-17 01:59:59', '2024-07-17 01:59:59'),
(2002, 58, 'test', 4, 1, 1, '2024-07-17 02:00:01', '2024-07-17 02:00:01'),
(2003, 58, 'test', 4, 1, 1, '2024-07-17 02:00:02', '2024-07-17 02:00:02'),
(2004, 58, 'test', 4, 1, 1, '2024-07-17 02:00:03', '2024-07-17 02:00:03'),
(2005, 58, 'test', 4, 1, 1, '2024-07-17 02:00:05', '2024-07-17 02:00:05'),
(2006, 58, 'test', 4, 1, 1, '2024-07-17 02:00:06', '2024-07-17 02:00:06'),
(2007, 58, 'test', 4, 1, 1, '2024-07-17 02:00:07', '2024-07-17 02:00:07'),
(2008, 58, 'test', 4, 1, 1, '2024-07-17 02:00:09', '2024-07-17 02:00:09'),
(2009, 58, 'test', 4, 1, 1, '2024-07-17 02:00:10', '2024-07-17 02:00:10'),
(2010, 58, 'test', 4, 1, 1, '2024-07-17 02:00:12', '2024-07-17 02:00:12'),
(2011, 58, 'test', 4, 1, 1, '2024-07-17 02:00:13', '2024-07-17 02:00:13'),
(2012, 58, 'test', 4, 1, 1, '2024-07-17 02:00:14', '2024-07-17 02:00:14'),
(2013, 58, 'test', 4, 1, 1, '2024-07-17 02:00:16', '2024-07-17 02:00:16'),
(2014, 58, 'test', 4, 1, 1, '2024-07-17 02:00:17', '2024-07-17 02:00:17'),
(2015, 58, 'test', 4, 1, 1, '2024-07-17 02:00:18', '2024-07-17 02:00:18'),
(2016, 58, 'test', 4, 1, 1, '2024-07-17 02:00:20', '2024-07-17 02:00:20'),
(2017, 58, 'test', 4, 1, 1, '2024-07-17 02:00:21', '2024-07-17 02:00:21'),
(2018, 58, 'test', 4, 1, 1, '2024-07-17 02:00:22', '2024-07-17 02:00:22'),
(2019, 58, 'test', 4, 1, 1, '2024-07-17 02:00:23', '2024-07-17 02:00:23'),
(2020, 58, 'test', 4, 1, 1, '2024-07-17 02:00:25', '2024-07-17 02:00:25'),
(2021, 58, 'test', 4, 1, 1, '2024-07-17 02:00:26', '2024-07-17 02:00:26'),
(2022, 58, 'test', 4, 1, 1, '2024-07-17 02:00:28', '2024-07-17 02:00:28'),
(2023, 58, 'test', 4, 1, 1, '2024-07-17 02:00:29', '2024-07-17 02:00:29'),
(2024, 58, 'test', 4, 1, 1, '2024-07-17 02:00:31', '2024-07-17 02:00:31'),
(2025, 58, 'test', 4, 1, 1, '2024-07-17 02:00:32', '2024-07-17 02:00:32'),
(2026, 58, 'test', 4, 1, 1, '2024-07-17 02:00:34', '2024-07-17 02:00:34'),
(2027, 58, 'test', 4, 1, 1, '2024-07-17 02:00:35', '2024-07-17 02:00:35'),
(2028, 58, 'test', 4, 1, 1, '2024-07-17 02:00:36', '2024-07-17 02:00:36'),
(2029, 58, 'test', 4, 1, 1, '2024-07-17 02:00:38', '2024-07-17 02:00:38'),
(2030, 58, 'test', 4, 1, 1, '2024-07-17 02:00:39', '2024-07-17 02:00:39'),
(2031, 59, 'test', 4, 1, 1, '2024-07-17 02:58:45', '2024-07-17 02:58:45'),
(2032, 59, 'test', 4, 1, 1, '2024-07-17 02:58:47', '2024-07-17 02:58:47'),
(2033, 59, 'test', 4, 1, 1, '2024-07-17 02:58:48', '2024-07-17 02:58:48'),
(2034, 59, 'test', 4, 1, 1, '2024-07-17 02:58:49', '2024-07-17 02:58:49'),
(2035, 59, 'test', 4, 1, 1, '2024-07-17 02:58:50', '2024-07-17 02:58:50'),
(2036, 59, 'test', 4, 1, 1, '2024-07-17 02:58:52', '2024-07-17 02:58:52'),
(2037, 59, 'test', 4, 1, 1, '2024-07-17 02:58:53', '2024-07-17 02:58:53'),
(2038, 59, 'test', 4, 1, 1, '2024-07-17 02:58:55', '2024-07-17 02:58:55'),
(2039, 59, 'test', 4, 1, 1, '2024-07-17 02:58:56', '2024-07-17 02:58:56'),
(2040, 59, 'test', 4, 1, 1, '2024-07-17 02:58:58', '2024-07-17 02:58:58'),
(2041, 59, 'test', 4, 1, 1, '2024-07-17 02:59:00', '2024-07-17 02:59:00'),
(2042, 59, 'test', 4, 1, 1, '2024-07-17 02:59:01', '2024-07-17 02:59:01'),
(2043, 59, 'test', 4, 1, 1, '2024-07-17 02:59:03', '2024-07-17 02:59:03'),
(2044, 59, 'test', 4, 1, 1, '2024-07-17 02:59:04', '2024-07-17 02:59:04'),
(2045, 59, 'test', 4, 1, 1, '2024-07-17 02:59:06', '2024-07-17 02:59:06'),
(2046, 60, 'test', 4, 1, 1, '2024-07-17 22:56:08', '2024-07-17 22:56:08'),
(2047, 60, 'test', 4, 1, 1, '2024-07-17 22:56:09', '2024-07-17 22:56:09'),
(2048, 61, 'test', 4, 1, 1, '2024-07-17 23:20:06', '2024-07-17 23:20:06'),
(2049, 61, 'test', 4, 1, 1, '2024-07-17 23:20:07', '2024-07-17 23:20:07'),
(2050, 62, 'test', 4, 1, 1, '2024-07-17 23:23:20', '2024-07-17 23:23:20'),
(2051, 62, 'test', 4, 1, 1, '2024-07-17 23:23:22', '2024-07-17 23:23:22'),
(2052, 62, 'test', 4, 1, 1, '2024-07-17 23:23:23', '2024-07-17 23:23:23'),
(2053, 62, 'test', 4, 1, 1, '2024-07-17 23:23:24', '2024-07-17 23:23:24'),
(2054, 62, 'test', 4, 1, 1, '2024-07-17 23:23:26', '2024-07-17 23:23:26'),
(2055, 62, 'test', 4, 1, 1, '2024-07-17 23:23:28', '2024-07-17 23:23:28'),
(2056, 62, 'test', 4, 1, 1, '2024-07-17 23:23:29', '2024-07-17 23:23:29'),
(2057, 62, 'test', 4, 1, 1, '2024-07-17 23:23:30', '2024-07-17 23:23:30'),
(2058, 62, 'test', 4, 1, 1, '2024-07-17 23:23:32', '2024-07-17 23:23:32'),
(2059, 62, 'test', 4, 1, 1, '2024-07-17 23:23:33', '2024-07-17 23:23:33'),
(2060, 62, 'test', 4, 1, 1, '2024-07-17 23:23:34', '2024-07-17 23:23:34'),
(2061, 62, 'test', 4, 1, 1, '2024-07-17 23:23:36', '2024-07-17 23:23:36'),
(2062, 62, 'test', 4, 1, 1, '2024-07-17 23:23:37', '2024-07-17 23:23:37'),
(2063, 62, 'test', 4, 1, 1, '2024-07-17 23:23:38', '2024-07-17 23:23:38'),
(2064, 62, 'test', 4, 1, 1, '2024-07-17 23:23:40', '2024-07-17 23:23:40'),
(2065, 62, 'test', 4, 1, 1, '2024-07-17 23:23:41', '2024-07-17 23:23:41'),
(2066, 62, 'test', 4, 1, 1, '2024-07-17 23:23:42', '2024-07-17 23:23:42');
INSERT INTO `photos` (`id`, `order_id`, `file_name`, `size_id`, `material_id`, `amount`, `created_at`, `updated_at`) VALUES
(2067, 62, 'test', 4, 1, 1, '2024-07-17 23:23:44', '2024-07-17 23:23:44'),
(2068, 62, 'test', 4, 1, 1, '2024-07-17 23:23:45', '2024-07-17 23:23:45'),
(2069, 62, 'test', 4, 1, 1, '2024-07-17 23:23:46', '2024-07-17 23:23:46'),
(2070, 62, 'test', 4, 1, 1, '2024-07-17 23:23:48', '2024-07-17 23:23:48'),
(2071, 62, 'test', 4, 1, 1, '2024-07-17 23:23:49', '2024-07-17 23:23:49'),
(2072, 62, 'test', 4, 1, 1, '2024-07-17 23:23:50', '2024-07-17 23:23:50'),
(2073, 62, 'test', 4, 1, 1, '2024-07-17 23:23:52', '2024-07-17 23:23:52'),
(2074, 62, 'test', 4, 1, 1, '2024-07-17 23:23:53', '2024-07-17 23:23:53'),
(2075, 62, 'test', 4, 1, 1, '2024-07-17 23:23:54', '2024-07-17 23:23:54'),
(2076, 62, 'test', 4, 1, 1, '2024-07-17 23:23:56', '2024-07-17 23:23:56'),
(2077, 62, 'test', 4, 1, 1, '2024-07-17 23:23:57', '2024-07-17 23:23:57'),
(2078, 62, 'test', 4, 1, 1, '2024-07-17 23:23:58', '2024-07-17 23:23:58'),
(2079, 62, 'test', 4, 1, 1, '2024-07-17 23:24:00', '2024-07-17 23:24:00'),
(2080, 63, 'test', 4, 1, 1, '2024-07-17 23:26:12', '2024-07-17 23:26:12'),
(2081, 63, 'test', 4, 1, 1, '2024-07-17 23:26:13', '2024-07-17 23:26:13'),
(2082, 64, 'test', 4, 1, 1, '2024-07-17 23:36:09', '2024-07-17 23:36:09'),
(2083, 64, 'test', 4, 1, 1, '2024-07-17 23:36:10', '2024-07-17 23:36:10'),
(2084, 65, 'test', 4, 1, 1, '2024-07-17 23:36:48', '2024-07-17 23:36:48'),
(2085, 65, 'test', 4, 1, 1, '2024-07-17 23:36:49', '2024-07-17 23:36:49'),
(2086, 66, 'test', 4, 1, 1, '2024-07-17 23:48:21', '2024-07-17 23:48:21'),
(2087, 67, 'test', 4, 1, 1, '2024-07-17 23:49:37', '2024-07-17 23:49:37'),
(2088, 67, 'test', 4, 1, 1, '2024-07-17 23:49:38', '2024-07-17 23:49:38'),
(2089, 68, 'test', 4, 1, 1, '2024-07-17 23:49:54', '2024-07-17 23:49:54'),
(2090, 68, 'test', 4, 1, 1, '2024-07-17 23:49:56', '2024-07-17 23:49:56'),
(2091, 69, 'test', 4, 1, 1, '2024-07-18 03:21:10', '2024-07-18 03:21:10'),
(2092, 69, 'test', 4, 1, 1, '2024-07-18 03:21:12', '2024-07-18 03:21:12'),
(2093, 69, 'test', 4, 1, 1, '2024-07-18 03:21:13', '2024-07-18 03:21:13'),
(2094, 69, 'test', 4, 1, 1, '2024-07-18 03:21:15', '2024-07-18 03:21:15'),
(2095, 69, 'test', 4, 1, 1, '2024-07-18 03:21:16', '2024-07-18 03:21:16'),
(2096, 69, 'test', 4, 1, 1, '2024-07-18 03:21:17', '2024-07-18 03:21:17'),
(2097, 69, 'test', 4, 1, 1, '2024-07-18 03:21:19', '2024-07-18 03:21:19'),
(2098, 69, 'test', 4, 1, 1, '2024-07-18 03:21:20', '2024-07-18 03:21:20'),
(2099, 69, 'test', 4, 1, 1, '2024-07-18 03:21:21', '2024-07-18 03:21:21'),
(2100, 69, 'test', 4, 1, 1, '2024-07-18 03:21:23', '2024-07-18 03:21:23'),
(2101, 70, 'test', 4, 1, 1, '2024-07-18 04:29:56', '2024-07-18 04:29:56'),
(2102, 71, 'test', 4, 1, 1, '2024-07-18 04:49:17', '2024-07-18 04:49:17'),
(2103, 71, 'test', 4, 1, 1, '2024-07-18 04:49:18', '2024-07-18 04:49:18'),
(2104, 71, 'test', 4, 1, 1, '2024-07-18 04:49:20', '2024-07-18 04:49:20'),
(2105, 71, 'test', 4, 1, 1, '2024-07-18 04:49:21', '2024-07-18 04:49:21'),
(2106, 71, 'test', 4, 1, 1, '2024-07-18 04:49:23', '2024-07-18 04:49:23'),
(2107, 71, 'test', 4, 1, 1, '2024-07-18 04:49:24', '2024-07-18 04:49:24'),
(2108, 71, 'test', 4, 1, 1, '2024-07-18 04:49:25', '2024-07-18 04:49:25'),
(2109, 71, 'test', 4, 1, 1, '2024-07-18 04:49:27', '2024-07-18 04:49:27'),
(2110, 71, 'test', 4, 1, 1, '2024-07-18 04:49:28', '2024-07-18 04:49:28'),
(2111, 71, 'test', 4, 1, 1, '2024-07-18 04:49:30', '2024-07-18 04:49:30'),
(2112, 71, 'test', 4, 1, 1, '2024-07-18 04:49:31', '2024-07-18 04:49:31'),
(2113, 71, 'test', 4, 1, 1, '2024-07-18 04:49:32', '2024-07-18 04:49:32'),
(2114, 71, 'test', 4, 1, 1, '2024-07-18 04:49:34', '2024-07-18 04:49:34'),
(2115, 71, 'test', 4, 1, 1, '2024-07-18 04:49:35', '2024-07-18 04:49:35'),
(2116, 71, 'test', 4, 1, 1, '2024-07-18 04:49:37', '2024-07-18 04:49:37'),
(2117, 71, 'test', 4, 1, 1, '2024-07-18 04:49:38', '2024-07-18 04:49:38'),
(2118, 71, 'test', 4, 1, 1, '2024-07-18 04:49:39', '2024-07-18 04:49:39'),
(2119, 71, 'test', 4, 1, 1, '2024-07-18 04:49:41', '2024-07-18 04:49:41'),
(2120, 71, 'test', 4, 1, 1, '2024-07-18 04:49:42', '2024-07-18 04:49:42'),
(2121, 72, 'test', 4, 9, 4, '2024-07-18 04:58:49', '2024-07-18 04:58:49'),
(2122, 72, 'test', 4, 9, 4, '2024-07-18 04:58:50', '2024-07-18 04:58:50'),
(2123, 72, 'test', 4, 9, 4, '2024-07-18 04:58:52', '2024-07-18 04:58:52'),
(2124, 72, 'test', 4, 9, 4, '2024-07-18 04:58:53', '2024-07-18 04:58:53'),
(2125, 72, 'test', 4, 9, 4, '2024-07-18 04:58:55', '2024-07-18 04:58:55'),
(2126, 72, 'test', 4, 9, 4, '2024-07-18 04:58:56', '2024-07-18 04:58:56'),
(2127, 72, 'test', 4, 9, 4, '2024-07-18 04:58:57', '2024-07-18 04:58:57'),
(2128, 72, 'test', 4, 9, 4, '2024-07-18 04:58:59', '2024-07-18 04:58:59'),
(2129, 72, 'test', 4, 9, 4, '2024-07-18 04:59:00', '2024-07-18 04:59:00'),
(2130, 72, 'test', 4, 9, 4, '2024-07-18 04:59:02', '2024-07-18 04:59:02'),
(2131, 72, 'test', 4, 9, 4, '2024-07-18 04:59:03', '2024-07-18 04:59:03'),
(2132, 72, 'test', 4, 9, 4, '2024-07-18 04:59:04', '2024-07-18 04:59:04'),
(2133, 72, 'test', 4, 9, 4, '2024-07-18 04:59:06', '2024-07-18 04:59:06'),
(2134, 72, 'test', 4, 9, 4, '2024-07-18 04:59:07', '2024-07-18 04:59:07'),
(2135, 72, 'test', 4, 9, 4, '2024-07-18 04:59:08', '2024-07-18 04:59:08'),
(2136, 72, 'test', 4, 9, 4, '2024-07-18 04:59:10', '2024-07-18 04:59:10'),
(2137, 72, 'test', 4, 9, 4, '2024-07-18 04:59:11', '2024-07-18 04:59:11'),
(2138, 72, 'test', 4, 9, 4, '2024-07-18 04:59:12', '2024-07-18 04:59:12'),
(2139, 73, 'test', 4, 1, 1, '2024-07-22 01:09:34', '2024-07-22 01:09:34'),
(2140, 73, 'test', 4, 1, 1, '2024-07-22 01:09:36', '2024-07-22 01:09:36'),
(2141, 73, 'test', 4, 1, 1, '2024-07-22 01:09:37', '2024-07-22 01:09:37'),
(2142, 73, 'test', 4, 1, 1, '2024-07-22 01:09:39', '2024-07-22 01:09:39'),
(2143, 74, 'test', 4, 1, 1, '2024-07-22 01:18:12', '2024-07-22 01:18:12'),
(2144, 74, 'test', 4, 1, 1, '2024-07-22 01:18:14', '2024-07-22 01:18:14'),
(2145, 75, 'test', 4, 1, 1, '2024-07-22 01:19:06', '2024-07-22 01:19:06'),
(2146, 75, 'test', 4, 1, 1, '2024-07-22 01:19:08', '2024-07-22 01:19:08'),
(2147, 75, 'test', 4, 1, 1, '2024-07-22 01:19:10', '2024-07-22 01:19:10'),
(2148, 76, 'test', 4, 1, 1, '2024-07-22 01:19:46', '2024-07-22 01:19:46'),
(2149, 76, 'test', 4, 1, 1, '2024-07-22 01:19:47', '2024-07-22 01:19:47'),
(2150, 76, 'test', 4, 1, 1, '2024-07-22 01:19:48', '2024-07-22 01:19:48'),
(2151, 76, 'test', 4, 1, 1, '2024-07-22 01:19:50', '2024-07-22 01:19:50'),
(2152, 77, 'test', 4, 1, 1, '2024-07-22 01:22:47', '2024-07-22 01:22:47'),
(2153, 77, 'test', 4, 1, 1, '2024-07-22 01:22:48', '2024-07-22 01:22:48'),
(2154, 77, 'test', 4, 1, 1, '2024-07-22 01:22:49', '2024-07-22 01:22:49'),
(2155, 77, 'test', 4, 1, 1, '2024-07-22 01:22:51', '2024-07-22 01:22:51'),
(2156, 78, 'test', 4, 1, 1, '2024-07-22 01:24:16', '2024-07-22 01:24:16'),
(2157, 78, 'test', 4, 1, 1, '2024-07-22 01:24:18', '2024-07-22 01:24:18'),
(2158, 78, 'test', 4, 1, 1, '2024-07-22 01:24:19', '2024-07-22 01:24:19'),
(2159, 78, 'test', 4, 1, 1, '2024-07-22 01:24:20', '2024-07-22 01:24:20'),
(2160, 78, 'test', 4, 1, 1, '2024-07-22 01:24:21', '2024-07-22 01:24:21'),
(2161, 78, 'test', 4, 1, 1, '2024-07-22 01:24:23', '2024-07-22 01:24:23'),
(2162, 78, 'test', 4, 1, 1, '2024-07-22 01:24:24', '2024-07-22 01:24:24'),
(2163, 78, 'test', 4, 1, 1, '2024-07-22 01:24:25', '2024-07-22 01:24:25'),
(2164, 79, 'test', 4, 1, 1, '2024-07-22 01:25:11', '2024-07-22 01:25:11'),
(2165, 79, 'test', 4, 1, 1, '2024-07-22 01:25:13', '2024-07-22 01:25:13'),
(2166, 79, 'test', 4, 1, 1, '2024-07-22 01:25:14', '2024-07-22 01:25:14'),
(2167, 79, 'test', 4, 1, 1, '2024-07-22 01:25:15', '2024-07-22 01:25:15'),
(2168, 79, 'test', 4, 1, 1, '2024-07-22 01:25:17', '2024-07-22 01:25:17'),
(2169, 79, 'test', 4, 1, 1, '2024-07-22 01:25:18', '2024-07-22 01:25:18'),
(2170, 79, 'test', 4, 1, 1, '2024-07-22 01:25:19', '2024-07-22 01:25:19'),
(2171, 80, 'test', 4, 1, 1, '2024-11-12 04:25:09', '2024-11-12 04:25:09'),
(2172, 80, 'test', 4, 1, 1, '2024-11-12 04:25:10', '2024-11-12 04:25:10'),
(2173, 80, 'test', 4, 1, 1, '2024-11-12 04:25:11', '2024-11-12 04:25:11'),
(2174, 80, 'test', 4, 1, 1, '2024-11-12 04:25:12', '2024-11-12 04:25:12'),
(2175, 80, 'test', 4, 1, 1, '2024-11-12 04:25:14', '2024-11-12 04:25:14'),
(2176, 81, 'test', 9, 1, 5, '2024-11-13 01:40:36', '2024-11-13 01:40:36');

-- --------------------------------------------------------

--
-- Структура таблицы `prices`
--

CREATE TABLE `prices` (
  `id` bigint UNSIGNED NOT NULL,
  `material_id` bigint UNSIGNED NOT NULL,
  `size_id` bigint UNSIGNED NOT NULL,
  `price` double(8,2) NOT NULL,
  `created_at` timestamp NULL DEFAULT NULL,
  `updated_at` timestamp NULL DEFAULT NULL,
  `price_type_id` bigint UNSIGNED NOT NULL
) ENGINE=InnoDB DEFAULT CHARSET=utf8mb4 COLLATE=utf8mb4_unicode_ci;

--
-- Дамп данных таблицы `prices`
--

INSERT INTO `prices` (`id`, `material_id`, `size_id`, `price`, `created_at`, `updated_at`, `price_type_id`) VALUES
(2, 1, 2, 13.00, '2024-04-16 23:31:09', '2024-04-16 23:31:09', 1),
(3, 1, 3, 13.00, '2024-04-16 23:31:38', '2024-04-16 23:31:38', 1),
(4, 1, 4, 10.00, '2024-04-16 23:31:56', '2024-04-16 23:31:56', 1),
(5, 1, 5, 22.00, '2024-04-16 23:32:09', '2024-04-16 23:32:09', 1),
(6, 1, 6, 37.00, '2024-04-16 23:32:25', '2024-04-16 23:32:25', 1),
(7, 1, 7, 82.00, '2024-04-16 23:32:46', '2024-04-16 23:32:46', 1),
(8, 1, 8, 200.00, '2024-04-16 23:33:07', '2024-04-16 23:33:07', 1),
(9, 1, 9, 350.00, '2024-04-16 23:33:49', '2024-04-16 23:33:49', 1),
(10, 1, 10, 600.00, '2024-04-16 23:34:07', '2024-04-16 23:34:07', 1),
(11, 2, 2, 13.00, '2024-04-16 23:36:29', '2024-04-16 23:36:29', 1),
(12, 2, 3, 13.00, '2024-04-16 23:36:50', '2024-04-16 23:36:50', 1),
(13, 2, 4, 15.00, '2024-04-16 23:37:30', '2024-06-10 05:13:37', 1),
(14, 2, 5, 22.00, '2024-04-16 23:37:48', '2024-04-16 23:37:48', 1),
(15, 2, 6, 37.00, '2024-04-16 23:38:07', '2024-04-16 23:38:07', 1),
(16, 2, 7, 82.00, '2024-04-16 23:38:29', '2024-04-16 23:38:29', 1),
(17, 2, 8, 200.00, '2024-04-16 23:38:48', '2024-04-16 23:38:48', 1),
(18, 2, 9, 350.00, '2024-04-16 23:39:05', '2024-04-16 23:39:05', 1),
(19, 2, 10, 600.00, '2024-04-16 23:39:25', '2024-04-16 23:39:25', 1),
(20, 3, 5, 250.00, '2024-04-16 23:44:16', '2024-04-16 23:44:16', 1),
(21, 3, 6, 350.00, '2024-04-16 23:44:33', '2024-04-16 23:44:33', 1),
(22, 3, 7, 450.00, '2024-04-16 23:44:55', '2024-04-16 23:44:55', 1),
(23, 4, 5, 350.00, '2024-04-16 23:57:02', '2024-04-16 23:57:02', 1),
(24, 4, 6, 450.00, '2024-04-16 23:57:25', '2024-04-16 23:57:50', 1),
(25, 4, 7, 550.00, '2024-04-16 23:58:14', '2024-04-16 23:58:14', 1),
(26, 5, 6, 35.00, '2024-04-16 23:59:41', '2024-04-16 23:59:41', 1),
(27, 5, 7, 85.00, '2024-04-17 00:00:26', '2024-04-17 00:00:26', 1),
(28, 6, 3, 15.00, '2024-04-17 00:00:52', '2024-04-17 00:00:52', 1),
(29, 6, 4, 12.00, '2024-04-17 00:02:47', '2024-04-17 00:02:47', 1),
(30, 7, 6, 45.00, '2024-04-17 00:03:43', '2024-04-17 00:03:43', 1),
(31, 8, 6, 45.00, '2024-04-17 00:04:00', '2024-04-17 00:04:00', 1),
(32, 9, 4, 12.00, '2024-04-17 00:05:19', '2024-04-17 00:05:19', 1),
(33, 10, 12, 70.00, '2024-04-26 04:02:05', '2024-04-26 04:02:05', 1),
(34, 10, 13, 70.00, '2024-04-26 04:02:29', '2024-04-26 04:02:29', 1),
(35, 11, 11, 80.00, '2024-04-26 04:02:46', '2024-04-26 04:02:46', 1),
(36, 11, 14, 80.00, '2024-04-26 04:03:05', '2024-04-26 04:03:05', 1),
(37, 12, 13, 70.00, '2024-04-26 04:03:24', '2024-04-26 04:03:24', 1),
(38, 13, 14, 70.00, '2024-04-26 04:03:43', '2024-04-26 04:03:43', 1);

-- --------------------------------------------------------

--
-- Структура таблицы `price_types`
--

CREATE TABLE `price_types` (
  `id` bigint UNSIGNED NOT NULL,
  `name` varchar(255) CHARACTER SET utf8mb4 COLLATE utf8mb4_unicode_ci NOT NULL,
  `created_at` timestamp NULL DEFAULT NULL,
  `updated_at` timestamp NULL DEFAULT NULL
) ENGINE=InnoDB DEFAULT CHARSET=utf8mb4 COLLATE=utf8mb4_unicode_ci;

--
-- Дамп данных таблицы `price_types`
--

INSERT INTO `price_types` (`id`, `name`, `created_at`, `updated_at`) VALUES
(1, 'Основная', '2024-04-16 06:02:35', '2024-04-16 06:02:35');

-- --------------------------------------------------------

--
-- Структура таблицы `services`
--

CREATE TABLE `services` (
  `id` bigint UNSIGNED NOT NULL,
  `title` varchar(255) COLLATE utf8mb4_unicode_ci NOT NULL,
  `description` text COLLATE utf8mb4_unicode_ci NOT NULL,
  `image` varchar(255) COLLATE utf8mb4_unicode_ci DEFAULT NULL,
  `created_at` timestamp NULL DEFAULT NULL,
  `updated_at` timestamp NULL DEFAULT NULL
) ENGINE=InnoDB DEFAULT CHARSET=utf8mb4 COLLATE=utf8mb4_unicode_ci;

--
-- Дамп данных таблицы `services`
--

INSERT INTO `services` (`id`, `title`, `description`, `image`, `created_at`, `updated_at`) VALUES
(1, 'Печать на кружках.', 'Мы осуществляем печать на кружках любых логотипов, фотографий, изображений. У нас огромный выбор готовых макетов на любую тематику! Также Вы можете заказать печать фото на кружке в Кунгуре со своим индивидуальным дизайном.\r\n\r\n**Готовность:**  в течении дня, либо на следующий день.\r\n\r\n**Цена: 250 руб.** (Предоставляется скидка от количества).', 'h6OhCImoWYgK51Nv62HhRTbfv2hhufPigSqAvMIE.jpg', '2024-11-11 06:01:26', '2024-11-12 04:16:39'),
(2, 'Печать на футболках и свитшотах.', 'Производим печать на футболке и свитшоте в Кунгуре любого вашего изображения, логотипа или надписи. Печать именных футболок, парные, свадебные, familylook. Огромный выбор принтов на любую тематику!\r\nПрямая печать\r\nПолноцветная цифровая печать в Кунгуре на цветных футболках, толстовках, рубашках-поло, сумках и др. текстильных изделиях. Печать производится экологичными, пигментными чернилами на специальном текстильном принтере. Печать на цветных футболках 100% хлопок!\r\nСублимационная печать\r\nПечать возможно только на белых футболках состава - имитация хлопка (50% хлопок, 50% полиэстер). Краски легко выдерживают многочисленные стирки, устойчивы к выцветанию. Получаются наиболее качественные и яркие изображения.\r\nТермотрансферная печать\r\nПри данной печати мы используем итальянскую термотрансферную пленку. Печать на любых текстильных изделиях: футболках, свитшотах, жилетках, формах, спеодежде и пр. Выдерживает минимум 50 стирок. Большой выбор цветов нанесения.', '8y1vkYgfMntdJ2zopmzPFsZZ5NlpTqNW5TrAHy6w.jpg', '2024-11-11 06:14:51', '2024-11-11 06:14:51'),
(3, 'Печать на холсте.', 'Печать фото на холсте Кунгур - отличная возможность отобразить важные воспоминания в виде картины! Будет хорошим подарков на любое торжество. Различная стилизация портретов: DreamArt, Love Is, Digital Art. Мы используем хлопковый натуральный холст, осуществляем галерейную натяжку на деревянный подрамник любого размера, покрытие декоративным лаком.\r\nГотовность: 1-3 дня\r\nЦена: от 600 руб.', 'Tdd9eXWoNsCbuh7DWIfRxBJslJuOYLQhi1OOuVpG.jpg', '2024-11-11 06:15:41', '2024-11-11 06:15:41'),
(4, 'Печать на лентах. Ленты выпускника, юбиляра, свадебные.', 'Мы осуществляем быструю и качественную печать на сатиновых лентах в короткие сроки в соответствии с вашими пожеланиями. Если вы ответственно подходите к выпускному вечеру и хотите быть индивидуальны, то вы можете заказать для себя, для своего класса или группы, ленты выпускников с индивидуальной надписью! Мы можем сделать нанесение на ленты выпускников любых надписей, изображений, рисунков, картинок, можем напечатать на каждой ленте личное имя и фамилию, номер школы, детского сада, института. Печатаем свадебные, ленты юбилярам, бредовые ленты. Большой выбор сатиновых лент, несколько цветов нанесения. Доставка в Пермь, по всему Пермскому краю и всей РФ.', '8Zzy3OHa47nR0hlJJOLkKm3MdKDQ5nwAgiryEpqQ.jpg', '2024-11-11 06:16:07', '2024-11-11 06:16:07'),
(5, 'Пазлы, магниты, брелоки с вашим фото.', 'Изготавливаем пазлы, магниты и брелоки с любыми изображениями. К вашим услугам различные формы и размеры. Магниты с фото - акриловые, виниловые, закатные, в виде пазла.', 'YFirGdQH1Oeh2v3TusQYFt7hso6NOkHMiTMJ1OJN.jpg', '2024-11-11 06:16:42', '2024-11-11 06:16:42');

-- --------------------------------------------------------

--
-- Структура таблицы `sizes`
--

CREATE TABLE `sizes` (
  `id` bigint UNSIGNED NOT NULL,
  `width` int NOT NULL,
  `height` int NOT NULL,
  `comment` varchar(255) CHARACTER SET utf8mb4 COLLATE utf8mb4_unicode_ci DEFAULT NULL,
  `size_type_id` bigint UNSIGNED NOT NULL,
  `created_at` timestamp NULL DEFAULT NULL,
  `updated_at` timestamp NULL DEFAULT NULL,
  `sort_order` int NOT NULL DEFAULT '1'
) ENGINE=InnoDB DEFAULT CHARSET=utf8mb4 COLLATE=utf8mb4_unicode_ci;

--
-- Дамп данных таблицы `sizes`
--

INSERT INTO `sizes` (`id`, `width`, `height`, `comment`, `size_type_id`, `created_at`, `updated_at`, `sort_order`) VALUES
(2, 10, 10, 'InstaFoto', 1, '2024-04-16 23:12:44', '2024-04-16 23:12:44', 1),
(3, 10, 12, 'Polaroid', 1, '2024-04-16 23:14:23', '2024-04-16 23:15:19', 1),
(4, 10, 15, 'A6', 1, '2024-04-16 23:15:45', '2024-04-16 23:15:45', 1),
(5, 15, 21, 'A5', 1, '2024-04-16 23:16:07', '2024-04-16 23:16:07', 1),
(6, 21, 30, 'A4', 1, '2024-04-16 23:16:41', '2024-04-16 23:16:41', 1),
(7, 30, 42, 'A3', 1, '2024-04-16 23:17:14', '2024-04-16 23:17:14', 1),
(8, 42, 60, 'A2', 1, '2024-04-16 23:17:55', '2024-04-16 23:17:55', 1),
(9, 60, 84, 'A1', 1, '2024-04-16 23:18:49', '2024-04-16 23:18:49', 1),
(10, 84, 120, 'A0', 1, '2024-04-16 23:19:18', '2024-04-16 23:19:18', 1),
(11, 38, 38, 'мм', 2, '2024-04-26 04:00:31', '2024-04-26 04:00:31', 1),
(12, 40, 40, 'мм', 2, '2024-04-26 04:00:47', '2024-04-26 04:00:47', 1),
(13, 40, 56, 'мм', 2, '2024-04-26 04:01:00', '2024-04-26 04:01:00', 1),
(14, 56, 56, 'мм', 2, '2024-04-26 04:01:14', '2024-04-26 04:01:14', 1);

-- --------------------------------------------------------

--
-- Структура таблицы `size_types`
--

CREATE TABLE `size_types` (
  `id` bigint UNSIGNED NOT NULL,
  `name` varchar(255) CHARACTER SET utf8mb4 COLLATE utf8mb4_unicode_ci NOT NULL,
  `created_at` timestamp NULL DEFAULT NULL,
  `updated_at` timestamp NULL DEFAULT NULL
) ENGINE=InnoDB DEFAULT CHARSET=utf8mb4 COLLATE=utf8mb4_unicode_ci;

--
-- Дамп данных таблицы `size_types`
--

INSERT INTO `size_types` (`id`, `name`, `created_at`, `updated_at`) VALUES
(1, 'Основной', '2024-04-16 01:20:45', '2024-04-16 01:20:45'),
(2, 'Дополнительный', '2024-04-16 01:21:02', '2024-04-16 01:21:02');

-- --------------------------------------------------------

--
-- Структура таблицы `users`
--

CREATE TABLE `users` (
  `id` bigint UNSIGNED NOT NULL,
  `name` varchar(255) CHARACTER SET utf8mb4 COLLATE utf8mb4_unicode_ci NOT NULL,
  `email` varchar(255) CHARACTER SET utf8mb4 COLLATE utf8mb4_unicode_ci NOT NULL,
  `email_verified_at` timestamp NULL DEFAULT NULL,
  `password` varchar(255) CHARACTER SET utf8mb4 COLLATE utf8mb4_unicode_ci NOT NULL,
  `remember_token` varchar(100) CHARACTER SET utf8mb4 COLLATE utf8mb4_unicode_ci DEFAULT NULL,
  `created_at` timestamp NULL DEFAULT NULL,
  `updated_at` timestamp NULL DEFAULT NULL
) ENGINE=InnoDB DEFAULT CHARSET=utf8mb4 COLLATE=utf8mb4_unicode_ci;

--
-- Индексы сохранённых таблиц
--

--
-- Индексы таблицы `contacts`
--
ALTER TABLE `contacts`
  ADD PRIMARY KEY (`id`);

--
-- Индексы таблицы `failed_jobs`
--
ALTER TABLE `failed_jobs`
  ADD PRIMARY KEY (`id`),
  ADD UNIQUE KEY `failed_jobs_uuid_unique` (`uuid`);

--
-- Индексы таблицы `faqs`
--
ALTER TABLE `faqs`
  ADD PRIMARY KEY (`id`);

--
-- Индексы таблицы `margins`
--
ALTER TABLE `margins`
  ADD PRIMARY KEY (`id`);

--
-- Индексы таблицы `materials`
--
ALTER TABLE `materials`
  ADD PRIMARY KEY (`id`),
  ADD KEY `materials_material_type_id_foreign` (`material_type_id`);

--
-- Индексы таблицы `material_types`
--
ALTER TABLE `material_types`
  ADD PRIMARY KEY (`id`);

--
-- Индексы таблицы `migrations`
--
ALTER TABLE `migrations`
  ADD PRIMARY KEY (`id`);

--
-- Индексы таблицы `moonshine_socialites`
--
ALTER TABLE `moonshine_socialites`
  ADD PRIMARY KEY (`id`),
  ADD UNIQUE KEY `moonshine_socialites_driver_identity_unique` (`driver`,`identity`);

--
-- Индексы таблицы `moonshine_users`
--
ALTER TABLE `moonshine_users`
  ADD PRIMARY KEY (`id`),
  ADD UNIQUE KEY `moonshine_users_email_unique` (`email`),
  ADD KEY `moonshine_users_moonshine_user_role_id_foreign` (`moonshine_user_role_id`);

--
-- Индексы таблицы `moonshine_user_roles`
--
ALTER TABLE `moonshine_user_roles`
  ADD PRIMARY KEY (`id`);

--
-- Индексы таблицы `notifications`
--
ALTER TABLE `notifications`
  ADD PRIMARY KEY (`id`),
  ADD KEY `notifications_notifiable_type_notifiable_id_index` (`notifiable_type`,`notifiable_id`);

--
-- Индексы таблицы `orders`
--
ALTER TABLE `orders`
  ADD PRIMARY KEY (`id`);

--
-- Индексы таблицы `password_reset_tokens`
--
ALTER TABLE `password_reset_tokens`
  ADD PRIMARY KEY (`email`);

--
-- Индексы таблицы `personal_access_tokens`
--
ALTER TABLE `personal_access_tokens`
  ADD PRIMARY KEY (`id`),
  ADD UNIQUE KEY `personal_access_tokens_token_unique` (`token`),
  ADD KEY `personal_access_tokens_tokenable_type_tokenable_id_index` (`tokenable_type`,`tokenable_id`);

--
-- Индексы таблицы `photos`
--
ALTER TABLE `photos`
  ADD PRIMARY KEY (`id`),
  ADD KEY `photos_order_id_foreign` (`order_id`),
  ADD KEY `photos_size_id_foreign` (`size_id`),
  ADD KEY `photos_material_id_foreign` (`material_id`);

--
-- Индексы таблицы `prices`
--
ALTER TABLE `prices`
  ADD PRIMARY KEY (`id`),
  ADD KEY `prices_price_type_id_foreign` (`price_type_id`),
  ADD KEY `prices_material_id_foreign` (`material_id`),
  ADD KEY `prices_size_id_foreign` (`size_id`);

--
-- Индексы таблицы `price_types`
--
ALTER TABLE `price_types`
  ADD PRIMARY KEY (`id`);

--
-- Индексы таблицы `services`
--
ALTER TABLE `services`
  ADD PRIMARY KEY (`id`);

--
-- Индексы таблицы `sizes`
--
ALTER TABLE `sizes`
  ADD PRIMARY KEY (`id`),
  ADD KEY `sizes_size_type_id_foreign` (`size_type_id`);

--
-- Индексы таблицы `size_types`
--
ALTER TABLE `size_types`
  ADD PRIMARY KEY (`id`);

--
-- Индексы таблицы `users`
--
ALTER TABLE `users`
  ADD PRIMARY KEY (`id`),
  ADD UNIQUE KEY `users_email_unique` (`email`);

--
-- AUTO_INCREMENT для сохранённых таблиц
--

--
-- AUTO_INCREMENT для таблицы `contacts`
--
ALTER TABLE `contacts`
  MODIFY `id` bigint UNSIGNED NOT NULL AUTO_INCREMENT, AUTO_INCREMENT=2;

--
-- AUTO_INCREMENT для таблицы `failed_jobs`
--
ALTER TABLE `failed_jobs`
  MODIFY `id` bigint UNSIGNED NOT NULL AUTO_INCREMENT;

--
-- AUTO_INCREMENT для таблицы `faqs`
--
ALTER TABLE `faqs`
  MODIFY `id` bigint UNSIGNED NOT NULL AUTO_INCREMENT, AUTO_INCREMENT=6;

--
-- AUTO_INCREMENT для таблицы `margins`
--
ALTER TABLE `margins`
  MODIFY `id` bigint UNSIGNED NOT NULL AUTO_INCREMENT, AUTO_INCREMENT=3;

--
-- AUTO_INCREMENT для таблицы `materials`
--
ALTER TABLE `materials`
  MODIFY `id` bigint UNSIGNED NOT NULL AUTO_INCREMENT, AUTO_INCREMENT=14;

--
-- AUTO_INCREMENT для таблицы `material_types`
--
ALTER TABLE `material_types`
  MODIFY `id` bigint UNSIGNED NOT NULL AUTO_INCREMENT, AUTO_INCREMENT=3;

--
-- AUTO_INCREMENT для таблицы `migrations`
--
ALTER TABLE `migrations`
  MODIFY `id` int UNSIGNED NOT NULL AUTO_INCREMENT, AUTO_INCREMENT=23;

--
-- AUTO_INCREMENT для таблицы `moonshine_socialites`
--
ALTER TABLE `moonshine_socialites`
  MODIFY `id` bigint UNSIGNED NOT NULL AUTO_INCREMENT;

--
-- AUTO_INCREMENT для таблицы `moonshine_users`
--
ALTER TABLE `moonshine_users`
  MODIFY `id` bigint UNSIGNED NOT NULL AUTO_INCREMENT, AUTO_INCREMENT=2;

--
-- AUTO_INCREMENT для таблицы `moonshine_user_roles`
--
ALTER TABLE `moonshine_user_roles`
  MODIFY `id` bigint UNSIGNED NOT NULL AUTO_INCREMENT, AUTO_INCREMENT=2;

--
-- AUTO_INCREMENT для таблицы `orders`
--
ALTER TABLE `orders`
  MODIFY `id` bigint UNSIGNED NOT NULL AUTO_INCREMENT, AUTO_INCREMENT=82;

--
-- AUTO_INCREMENT для таблицы `personal_access_tokens`
--
ALTER TABLE `personal_access_tokens`
  MODIFY `id` bigint UNSIGNED NOT NULL AUTO_INCREMENT;

--
-- AUTO_INCREMENT для таблицы `photos`
--
ALTER TABLE `photos`
  MODIFY `id` bigint UNSIGNED NOT NULL AUTO_INCREMENT, AUTO_INCREMENT=2177;

--
-- AUTO_INCREMENT для таблицы `prices`
--
ALTER TABLE `prices`
  MODIFY `id` bigint UNSIGNED NOT NULL AUTO_INCREMENT, AUTO_INCREMENT=39;

--
-- AUTO_INCREMENT для таблицы `price_types`
--
ALTER TABLE `price_types`
  MODIFY `id` bigint UNSIGNED NOT NULL AUTO_INCREMENT, AUTO_INCREMENT=2;

--
-- AUTO_INCREMENT для таблицы `services`
--
ALTER TABLE `services`
  MODIFY `id` bigint UNSIGNED NOT NULL AUTO_INCREMENT, AUTO_INCREMENT=6;

--
-- AUTO_INCREMENT для таблицы `sizes`
--
ALTER TABLE `sizes`
  MODIFY `id` bigint UNSIGNED NOT NULL AUTO_INCREMENT, AUTO_INCREMENT=15;

--
-- AUTO_INCREMENT для таблицы `size_types`
--
ALTER TABLE `size_types`
  MODIFY `id` bigint UNSIGNED NOT NULL AUTO_INCREMENT, AUTO_INCREMENT=3;

--
-- AUTO_INCREMENT для таблицы `users`
--
ALTER TABLE `users`
  MODIFY `id` bigint UNSIGNED NOT NULL AUTO_INCREMENT;

--
-- Ограничения внешнего ключа сохраненных таблиц
--

--
-- Ограничения внешнего ключа таблицы `materials`
--
ALTER TABLE `materials`
  ADD CONSTRAINT `materials_material_type_id_foreign` FOREIGN KEY (`material_type_id`) REFERENCES `material_types` (`id`) ON DELETE CASCADE;

--
-- Ограничения внешнего ключа таблицы `moonshine_users`
--
ALTER TABLE `moonshine_users`
  ADD CONSTRAINT `moonshine_users_moonshine_user_role_id_foreign` FOREIGN KEY (`moonshine_user_role_id`) REFERENCES `moonshine_user_roles` (`id`) ON DELETE CASCADE ON UPDATE CASCADE;

--
-- Ограничения внешнего ключа таблицы `photos`
--
ALTER TABLE `photos`
  ADD CONSTRAINT `photos_material_id_foreign` FOREIGN KEY (`material_id`) REFERENCES `materials` (`id`) ON DELETE CASCADE,
  ADD CONSTRAINT `photos_order_id_foreign` FOREIGN KEY (`order_id`) REFERENCES `orders` (`id`) ON DELETE CASCADE,
  ADD CONSTRAINT `photos_size_id_foreign` FOREIGN KEY (`size_id`) REFERENCES `sizes` (`id`) ON DELETE CASCADE;

--
-- Ограничения внешнего ключа таблицы `prices`
--
ALTER TABLE `prices`
  ADD CONSTRAINT `prices_material_id_foreign` FOREIGN KEY (`material_id`) REFERENCES `materials` (`id`) ON DELETE CASCADE,
  ADD CONSTRAINT `prices_price_type_id_foreign` FOREIGN KEY (`price_type_id`) REFERENCES `price_types` (`id`) ON DELETE CASCADE,
  ADD CONSTRAINT `prices_size_id_foreign` FOREIGN KEY (`size_id`) REFERENCES `sizes` (`id`) ON DELETE CASCADE;

--
-- Ограничения внешнего ключа таблицы `sizes`
--
ALTER TABLE `sizes`
  ADD CONSTRAINT `sizes_size_type_id_foreign` FOREIGN KEY (`size_type_id`) REFERENCES `size_types` (`id`) ON DELETE CASCADE;
COMMIT;

/*!40101 SET CHARACTER_SET_CLIENT=@OLD_CHARACTER_SET_CLIENT */;
/*!40101 SET CHARACTER_SET_RESULTS=@OLD_CHARACTER_SET_RESULTS */;
/*!40101 SET COLLATION_CONNECTION=@OLD_COLLATION_CONNECTION */;
